url,city,hotel_name,rating,hotel_description,latitude,longitude
https://www.booking.com/hotel/fr/le-clos-de-la-tour-cassis-cassis.en-gb.html?aid=304142&label=gen173nr-1FCAEoggI46AdIM1gEaE2IAQGYAQm4AQrIAQXYAQHoAQH4AQOIAgGoAgO4Atb4lZsGwAIB0gIkY2Q4YWVhOGMtNDZiNC00NzQ4LThiNmMtMjJmN2ZhM2FkODE52AIG4AIB&ucfs=1&arphpl=1&group_adults=2&req_adults=2&no_rooms=1&group_children=0&req_children=0&hpos=17&hapos=17&sr_order=popularity&srpvid=c143932c7e76038a&srepoch=1667595353&from_beach_sr=1&beach_sr_walking_distance=841&from=searchresults#hotelTmpl,Cassis,['Le clos de la tour Cassis'],['9.0'],"['Boasting a seasonal outdoor swimming pool and a terrace, Le clos de la tour Cassis offers accommodation in Cassis with free WiFi and garden views. This villa has a private pool, a garden and free private parking.']",43.21660581,5.55169795
https://www.booking.com/hotel/fr/le-reve-bleu-cassis.en-gb.html?aid=304142&label=gen173nr-1FCAEoggI46AdIM1gEaE2IAQGYAQm4AQrIAQXYAQHoAQH4AQOIAgGoAgO4Atb4lZsGwAIB0gIkY2Q4YWVhOGMtNDZiNC00NzQ4LThiNmMtMjJmN2ZhM2FkODE52AIG4AIB&ucfs=1&arphpl=1&group_adults=2&req_adults=2&no_rooms=1&group_children=0&req_children=0&hpos=1&hapos=1&sr_order=popularity&srpvid=c143932c7e76038a&srepoch=1667595353&from_beach_sr=1&beach_sr_walking_distance=863&from_sustainable_property_sr=1&from=searchresults#hotelTmpl,Cassis,['LE REVE BLEU'],['8.6'],"['Situated in Cassis, 1.1 km from Grande Mer and 1.4 km from Bestouan, LE REVE BLEU offers a casino and air conditioning. This villa has a private pool, a garden, barbecue facilities, free WiFi and free private parking.']",43.2206243,5.540767
https://www.booking.com/hotel/fr/calanque-d-en-vau.en-gb.html?aid=304142&label=gen173nr-1FCAEoggI46AdIM1gEaE2IAQGYAQm4AQrIAQXYAQHoAQH4AQOIAgGoAgO4Atb4lZsGwAIB0gIkY2Q4YWVhOGMtNDZiNC00NzQ4LThiNmMtMjJmN2ZhM2FkODE52AIG4AIB&ucfs=1&arphpl=1&group_adults=2&req_adults=2&no_rooms=1&group_children=0&req_children=0&hpos=15&hapos=15&sr_order=popularity&srpvid=c143932c7e76038a&srepoch=1667595353&from_beach_sr=1&beach_sr_walking_distance=154&from=searchresults#hotelTmpl,Cassis,"[""CALANQUE D'EN VAU""]",['8.8'],"[""You're eligible for a Genius discount at CALANQUE D'EN VAU! To save at this property, all you have to do is ""]",43.21459857,5.53784404
https://www.booking.com/hotel/fr/clocher-de-cassis.en-gb.html?aid=304142&label=gen173nr-1FCAEoggI46AdIM1gEaE2IAQGYAQm4AQrIAQXYAQHoAQH4AQOIAgGoAgO4Atb4lZsGwAIB0gIkY2Q4YWVhOGMtNDZiNC00NzQ4LThiNmMtMjJmN2ZhM2FkODE52AIG4AIB&ucfs=1&arphpl=1&group_adults=2&req_adults=2&no_rooms=1&group_children=0&req_children=0&hpos=16&hapos=16&sr_order=popularity&srpvid=c143932c7e76038a&srepoch=1667595353&from_beach_sr=1&beach_sr_walking_distance=262&from=searchresults#hotelTmpl,Cassis,['Le Clocher de Cassis'],['8.3'],"[""You're eligible for a Genius discount at Le Clocher de Cassis! To save at this property, all you have to do is ""]",43.215602,5.5377111
https://www.booking.com/hotel/fr/la-vigie-cassis.en-gb.html?aid=304142&label=gen173nr-1FCAEoggI46AdIM1gEaE2IAQGYAQm4AQrIAQXYAQHoAQH4AQOIAgGoAgO4Atb4lZsGwAIB0gIkY2Q4YWVhOGMtNDZiNC00NzQ4LThiNmMtMjJmN2ZhM2FkODE52AIG4AIB&ucfs=1&arphpl=1&group_adults=2&req_adults=2&no_rooms=1&group_children=0&req_children=0&hpos=20&hapos=20&sr_order=popularity&srpvid=c143932c7e76038a&srepoch=1667595353&from_beach_sr=1&beach_sr_walking_distance=317&from_sustainable_property_sr=1&from=searchresults#hotelTmpl,Cassis,['La vigie II'],['7.8'],"[""You're eligible for a Genius discount at La vigie II! To save at this property, all you have to do is ""]",43.21312971,5.54228424
https://www.booking.com/hotel/fr/appartement-st-marc-cassis.en-gb.html?aid=304142&label=gen173nr-1FCAEoggI46AdIM1gEaE2IAQGYAQm4AQrIAQXYAQHoAQH4AQOIAgGoAgO4Atb4lZsGwAIB0gIkY2Q4YWVhOGMtNDZiNC00NzQ4LThiNmMtMjJmN2ZhM2FkODE52AIG4AIB&ucfs=1&arphpl=1&group_adults=2&req_adults=2&no_rooms=1&group_children=0&req_children=0&hpos=19&hapos=19&sr_order=popularity&srpvid=c143932c7e76038a&srepoch=1667595353&from_beach_sr=1&beach_sr_walking_distance=789&from_sustainable_property_sr=1&from=searchresults#hotelTmpl,Cassis,"[""Appartement Cassis vue mer d'exception""]",['8.6'],"[""You're eligible for a Genius discount at Appartement Cassis vue mer d'exception! To save at this property, all you have to do is ""]",43.21875954,5.54379929
https://www.booking.com/hotel/fr/villa-l-39-icone.en-gb.html?aid=304142&label=gen173nr-1FCAEoggI46AdIM1gEaE2IAQGYAQm4AQrIAQXYAQHoAQH4AQOIAgGoAgO4Atb4lZsGwAIB0gIkY2Q4YWVhOGMtNDZiNC00NzQ4LThiNmMtMjJmN2ZhM2FkODE52AIG4AIB&ucfs=1&arphpl=1&group_adults=2&req_adults=2&no_rooms=1&group_children=0&req_children=0&hpos=18&hapos=18&sr_order=popularity&srpvid=c143932c7e76038a&srepoch=1667595353&from_beach_sr=1&beach_sr_walking_distance=822&from=searchresults#hotelTmpl,Cassis,"[""Villa l'Icône""]",['7.7'],"[""Offering free WiFi and a garden, Villa l'Icône is situated in Cassis. Cap Canaille is 2.7 km from the property.""]",43.21788357,5.54760143
https://www.booking.com/hotel/fr/cote-calanques-cassis.en-gb.html?aid=304142&label=gen173nr-1FCAEoggI46AdIM1gEaE2IAQGYAQm4AQrIAQXYAQHoAQH4AQOIAgGoAgO4Atb4lZsGwAIB0gIkY2Q4YWVhOGMtNDZiNC00NzQ4LThiNmMtMjJmN2ZhM2FkODE52AIG4AIB&ucfs=1&arphpl=1&group_adults=2&req_adults=2&no_rooms=1&group_children=0&req_children=0&hpos=14&hapos=14&sr_order=popularity&srpvid=c143932c7e76038a&srepoch=1667595353&from_beach_sr=1&beach_sr_walking_distance=262&from=searchresults#hotelTmpl,Cassis,['Plage & Calanques Cassis'],['9.7'],"['Offering city views, Plage & Calanques Cassis is an accommodation located in Cassis, 1.5 km from Grande Mer and 1.9 km from Anse de Corton Beach. The air-conditioned accommodation is 300 m from Bestouan, and guests benefit from private parking available on site and free WiFi.']",43.2120018,5.5276305
https://www.booking.com/hotel/fr/la-douceur-de-cassis.en-gb.html?aid=304142&label=gen173nr-1FCAEoggI46AdIM1gEaE2IAQGYAQm4AQrIAQXYAQHoAQH4AQOIAgGoAgO4Atb4lZsGwAIB0gIkY2Q4YWVhOGMtNDZiNC00NzQ4LThiNmMtMjJmN2ZhM2FkODE52AIG4AIB&ucfs=1&arphpl=1&group_adults=2&req_adults=2&no_rooms=1&group_children=0&req_children=0&hpos=9&hapos=9&sr_order=popularity&srpvid=c143932c7e76038a&srepoch=1667595353&from_beach_sr=1&beach_sr_walking_distance=202&from=searchresults#hotelTmpl,Cassis,['La douceur de Cassis'],['9.3'],"['Located in Cassis, 500 m from Bestouan, La douceur de Cassis provides accommodation with a bar, free WiFi and a 24-hour front desk. The air-conditioned accommodation is 1.2 km from Grande Mer.']",43.215009,5.530956
https://www.booking.com/hotel/fr/le-grand-bleu-cassis1.en-gb.html?aid=304142&label=gen173nr-1FCAEoggI46AdIM1gEaE2IAQGYAQm4AQrIAQXYAQHoAQH4AQOIAgGoAgO4Atb4lZsGwAIB0gIkY2Q4YWVhOGMtNDZiNC00NzQ4LThiNmMtMjJmN2ZhM2FkODE52AIG4AIB&ucfs=1&arphpl=1&group_adults=2&req_adults=2&no_rooms=1&group_children=0&req_children=0&hpos=12&hapos=12&sr_order=popularity&srpvid=c143932c7e76038a&srepoch=1667595353&from_beach_sr=1&beach_sr_walking_distance=926&from_sustainable_property_sr=1&from=searchresults#hotelTmpl,Cassis,"['Cassis, le Grand Bleu, triplex vue mer, port plage 10mn à pieds']",['9.0'],"[""You're eligible for a Genius discount at Cassis, le Grand Bleu, triplex vue mer, port plage 10mn à pieds! To save at this property, all you have to do is ""]",43.2208045,5.54229625
https://www.booking.com/hotel/fr/lou-cigalou-cassis.en-gb.html?aid=304142&label=gen173nr-1FCAEoggI46AdIM1gEaE2IAQGYAQm4AQrIAQXYAQHoAQH4AQOIAgGoAgO4Atb4lZsGwAIB0gIkY2Q4YWVhOGMtNDZiNC00NzQ4LThiNmMtMjJmN2ZhM2FkODE52AIG4AIB&ucfs=1&arphpl=1&group_adults=2&req_adults=2&no_rooms=1&group_children=0&req_children=0&hpos=8&hapos=8&sr_order=popularity&srpvid=c143932c7e76038a&srepoch=1667595353&from_beach_sr=1&beach_sr_walking_distance=205&from=searchresults#hotelTmpl,Cassis,['LOU CIGALOU'],['9.0'],"['Featuring garden views, LOU CIGALOU provides accommodation with a balcony and a kettle, around less than 1 km from Grande Mer. The air-conditioned accommodation is 200 m from Bestouan, and guests benefit from complimentary WiFi and private parking available on site.']",43.214926,5.532989
https://www.booking.com/hotel/fr/le-cleli.en-gb.html?aid=304142&label=gen173nr-1FCAEoggI46AdIM1gEaE2IAQGYAQm4AQrIAQXYAQHoAQH4AQOIAgGoAgO4Atb4lZsGwAIB0gIkY2Q4YWVhOGMtNDZiNC00NzQ4LThiNmMtMjJmN2ZhM2FkODE52AIG4AIB&ucfs=1&arphpl=1&group_adults=2&req_adults=2&no_rooms=1&group_children=0&req_children=0&hpos=10&hapos=10&sr_order=popularity&srpvid=c143932c7e76038a&srepoch=1667595353&from_beach_sr=1&beach_sr_walking_distance=303&from=searchresults#hotelTmpl,Cassis,['Le Cleli'],['8.1'],"[""You're eligible for a Genius discount at Le Cleli! To save at this property, all you have to do is ""]",43.21509805,5.54048743
https://www.booking.com/hotel/fr/maeva-particuliers-residence-les-balcons-de-collioure.en-gb.html?aid=304142&label=gen173nr-1FCAEoggI46AdIM1gEaE2IAQGYAQm4AQrIAQXYAQHoAQH4AQOIAgGoAgO4Atb4lZsGwAIB0gIkY2Q4YWVhOGMtNDZiNC00NzQ4LThiNmMtMjJmN2ZhM2FkODE52AIG4AIB&ucfs=1&arphpl=1&group_adults=2&req_adults=2&no_rooms=1&group_children=0&req_children=0&hpos=20&hapos=20&sr_order=popularity&srpvid=82ac932cc82e02dd&srepoch=1667595353&from_beach_sr=1&beach_sr_walking_distance=71&from=searchresults#hotelTmpl,Collioure,['Residence Les Balcons de Collioure - maeva Home'],['7.2'],"['Set within a 6-minute walk of Collioure Royal Castle in Collioure, Maeva Particuliers Residence Les Balcons de Collioure provides accommodation with seating area and TV.']",42.52507267,3.09015687
https://www.booking.com/hotel/fr/home-cassis-maison-julou.en-gb.html?aid=304142&label=gen173nr-1FCAEoggI46AdIM1gEaE2IAQGYAQm4AQrIAQXYAQHoAQH4AQOIAgGoAgO4Atb4lZsGwAIB0gIkY2Q4YWVhOGMtNDZiNC00NzQ4LThiNmMtMjJmN2ZhM2FkODE52AIG4AIB&ucfs=1&arphpl=1&group_adults=2&req_adults=2&no_rooms=1&group_children=0&req_children=0&hpos=11&hapos=11&sr_order=popularity&srpvid=c143932c7e76038a&srepoch=1667595353&from_beach_sr=1&beach_sr_walking_distance=981&from_sustainable_property_sr=1&from=searchresults#hotelTmpl,Cassis,['Home Cassis - Maison Julou - Piscine chauffée'],['7.6'],"['Home Cassis - Maison Julou - Piscine chauffée has garden views, free WiFi and free private parking, set in Cassis, 1.4 km from Bestouan.']",43.22207969,5.53792695
https://www.booking.com/hotel/fr/le-duplex-cassis.en-gb.html?aid=304142&label=gen173nr-1FCAEoggI46AdIM1gEaE2IAQGYAQm4AQrIAQXYAQHoAQH4AQOIAgGoAgO4Atb4lZsGwAIB0gIkY2Q4YWVhOGMtNDZiNC00NzQ4LThiNmMtMjJmN2ZhM2FkODE52AIG4AIB&ucfs=1&arphpl=1&group_adults=2&req_adults=2&no_rooms=1&group_children=0&req_children=0&hpos=13&hapos=13&sr_order=popularity&srpvid=c143932c7e76038a&srepoch=1667595353&from_beach_sr=1&beach_sr_walking_distance=304&from=searchresults#hotelTmpl,Cassis,['Le Duplex'],['8.2'],"[""You're eligible for a Genius discount at Le Duplex! To save at this property, all you have to do is ""]",43.21505477,5.54057326
https://www.booking.com/hotel/fr/cassis-ma-vie-la.en-gb.html?aid=304142&label=gen173nr-1FCAEoggI46AdIM1gEaE2IAQGYAQm4AQrIAQXYAQHoAQH4AQOIAgGoAgO4Atb4lZsGwAIB0gIkY2Q4YWVhOGMtNDZiNC00NzQ4LThiNmMtMjJmN2ZhM2FkODE52AIG4AIB&ucfs=1&arphpl=1&group_adults=2&req_adults=2&no_rooms=1&group_children=0&req_children=0&hpos=7&hapos=7&sr_order=popularity&srpvid=c143932c7e76038a&srepoch=1667595353&from_beach_sr=1&beach_sr_walking_distance=510&from_sustainable_property_sr=1&from=searchresults#hotelTmpl,Cassis,['Cassis Ma Vie Là'],['9.1'],"[""You're eligible for a Genius discount at Cassis Ma Vie Là! To save at this property, all you have to do is ""]",43.216905,5.541446
https://www.booking.com/hotel/fr/apartment-un-autre-jour-ensoleille.en-gb.html?aid=304142&label=gen173nr-1FCAEoggI46AdIM1gEaE2IAQGYAQm4AQrIAQXYAQHoAQH4AQOIAgGoAgO4Atb4lZsGwAIB0gIkY2Q4YWVhOGMtNDZiNC00NzQ4LThiNmMtMjJmN2ZhM2FkODE52AIG4AIB&ucfs=1&arphpl=1&group_adults=2&req_adults=2&no_rooms=1&group_children=0&req_children=0&hpos=18&hapos=18&sr_order=popularity&srpvid=768c932c78530193&srepoch=1667595353&from_beach_sr=1&beach_sr_walking_distance=936&from=searchresults#hotelTmpl,Bormes-les-Mimosas,['Apartment Un autre jour ensoleillé'],[None],"['Set in Bormes-les-Mimosas, 1.4 km from Faviere and 1.4 km from Pointe de Gouron Beach, Apartment Un autre jour ensoleillé offers air conditioning. This property offers access to a balcony, free private parking and free WiFi.']",43.128874,6.352184
https://www.booking.com/hotel/fr/poseidon-mazet-c-58-m2-en-duplex-3-pieces-piscine-et-garage-prive.en-gb.html?aid=304142&label=gen173nr-1FCAEoggI46AdIM1gEaE2IAQGYAQm4AQrIAQXYAQHoAQH4AQOIAgGoAgO4Atb4lZsGwAIB0gIkY2Q4YWVhOGMtNDZiNC00NzQ4LThiNmMtMjJmN2ZhM2FkODE52AIG4AIB&ucfs=1&arphpl=1&group_adults=2&req_adults=2&no_rooms=1&group_children=0&req_children=0&hpos=19&hapos=19&sr_order=popularity&srpvid=768c932c78530193&srepoch=1667595353&from_beach_sr=1&beach_sr_walking_distance=777&from=searchresults#hotelTmpl,Bormes-les-Mimosas,['POSEIDON - MAZET C - 58 m2 en duplex - 3 pièces - Piscine et garage privé -'],[None],"[""POSEIDON - MAZET C - 58 m2 en duplex - 3 pièces - Piscine et garage privé - is located in Bormes-les-Mimosas, 1.5 km from Pointe de Gouron Beach, 1.5 km from Plage de l'Anglade, and 41 km from Toulon Train Station. The air-conditioned accommodation is less than 1 km from Faviere, and guests benefit from complimentary WiFi and private parking available on site.""]",43.12415,6.351192
https://www.booking.com/hotel/fr/poseidon-mazet-g-58-m2-piscine-privee-garage-individuel.en-gb.html?aid=304142&label=gen173nr-1FCAEoggI46AdIM1gEaE2IAQGYAQm4AQrIAQXYAQHoAQH4AQOIAgGoAgO4Atb4lZsGwAIB0gIkY2Q4YWVhOGMtNDZiNC00NzQ4LThiNmMtMjJmN2ZhM2FkODE52AIG4AIB&ucfs=1&arphpl=1&group_adults=2&req_adults=2&no_rooms=1&group_children=0&req_children=0&hpos=20&hapos=20&sr_order=popularity&srpvid=768c932c78530193&srepoch=1667595353&from_beach_sr=1&beach_sr_walking_distance=777&from=searchresults#hotelTmpl,Bormes-les-Mimosas,['POSEIDON - MAZET G - 58 m2 - Piscine privée - Garage individuel -'],[None],"['Located about less than 1 km from Faviere, POSEIDON - MAZET G - 58 m2 - Piscine privée - Garage individuel - offers accommodation with an outdoor pool and free WiFi. This villa features a private pool, a garden and free private parking.']",43.12415,6.351192
https://www.booking.com/hotel/fr/poseidon-2-pieces-32-m2-piscine-et-garage-prive.en-gb.html?aid=304142&label=gen173nr-1FCAEoggI46AdIM1gEaE2IAQGYAQm4AQrIAQXYAQHoAQH4AQOIAgGoAgO4Atb4lZsGwAIB0gIkY2Q4YWVhOGMtNDZiNC00NzQ4LThiNmMtMjJmN2ZhM2FkODE52AIG4AIB&ucfs=1&arphpl=1&group_adults=2&req_adults=2&no_rooms=1&group_children=0&req_children=0&hpos=17&hapos=17&sr_order=popularity&srpvid=768c932c78530193&srepoch=1667595353&from_beach_sr=1&beach_sr_walking_distance=777&from=searchresults#hotelTmpl,Bormes-les-Mimosas,['POSEIDON - 2 pièces - 32 m2 - Piscine et garage privé'],[None],"[""POSEIDON - 2 pièces - 32 m2 - Piscine et garage privé is situated in Bormes-les-Mimosas, 1.5 km from Pointe de Gouron Beach, 1.5 km from Plage de l'Anglade, and 41 km from Toulon Train Station. The air-conditioned accommodation is less than 1 km from Faviere, and guests benefit from private parking available on site and free WiFi.""]",43.12415,6.351192
https://www.booking.com/hotel/fr/magnifique-3-pieces-et-ses-deux-salles-d-eau-piscine-sur-le-toit-et-vue-panorami.en-gb.html?aid=304142&label=gen173nr-1FCAEoggI46AdIM1gEaE2IAQGYAQm4AQrIAQXYAQHoAQH4AQOIAgGoAgO4Atb4lZsGwAIB0gIkY2Q4YWVhOGMtNDZiNC00NzQ4LThiNmMtMjJmN2ZhM2FkODE52AIG4AIB&ucfs=1&arphpl=1&group_adults=2&req_adults=2&no_rooms=1&group_children=0&req_children=0&hpos=16&hapos=16&sr_order=popularity&srpvid=768c932c78530193&srepoch=1667595353&from_beach_sr=1&beach_sr_walking_distance=491&from=searchresults#hotelTmpl,Bormes-les-Mimosas,"[""Magnifique 3 pieces et ses deux salles d'eau - piscine sur le toit et vue panoramique -""]",[None],"[""Magnifique 3 pieces et ses deux salles d'eau - piscine sur le toit et vue panoramique - is set in Bormes-les-Mimosas, 1.1 km from Pointe de Gouron Beach, 1.2 km from Plage de l'Anglade, as well as 41 km from Toulon Train Station. The air-conditioned accommodation is 600 m from Faviere, and guests benefit from complimentary WiFi and private parking available on site.""]",43.123184,6.354464
https://www.booking.com/hotel/fr/poseidon-mazet-b-58-m2.en-gb.html?aid=304142&label=gen173nr-1FCAEoggI46AdIM1gEaE2IAQGYAQm4AQrIAQXYAQHoAQH4AQOIAgGoAgO4Atb4lZsGwAIB0gIkY2Q4YWVhOGMtNDZiNC00NzQ4LThiNmMtMjJmN2ZhM2FkODE52AIG4AIB&ucfs=1&arphpl=1&group_adults=2&req_adults=2&no_rooms=1&group_children=0&req_children=0&hpos=15&hapos=15&sr_order=popularity&srpvid=768c932c78530193&srepoch=1667595353&from_beach_sr=1&beach_sr_walking_distance=777&from=searchresults#hotelTmpl,Bormes-les-Mimosas,['POSEIDON - MAZET B - 58 m2 -'],[None],"[""Situated 1.5 km from Pointe de Gouron Beach, 1.5 km from Plage de l'Anglade and 41 km from Toulon Train Station, POSEIDON - MAZET B - 58 m2 - features accommodation set in Bormes-les-Mimosas. The air-conditioned accommodation is less than 1 km from Faviere, and guests benefit from complimentary WiFi and private parking available on site.""]",43.12415,6.351192
https://www.booking.com/hotel/fr/villa-l-oranger-villa-5-pieces-piscine-privee.en-gb.html?aid=304142&label=gen173nr-1FCAEoggI46AdIM1gEaE2IAQGYAQm4AQrIAQXYAQHoAQH4AQOIAgGoAgO4Atb4lZsGwAIB0gIkY2Q4YWVhOGMtNDZiNC00NzQ4LThiNmMtMjJmN2ZhM2FkODE52AIG4AIB&ucfs=1&arphpl=1&group_adults=2&req_adults=2&no_rooms=1&group_children=0&req_children=0&hpos=14&hapos=14&sr_order=popularity&srpvid=768c932c78530193&srepoch=1667595353&from_beach_sr=1&beach_sr_walking_distance=2145&from=searchresults#hotelTmpl,Bormes-les-Mimosas,['Provencal Holiday Home in Bormes les Mimosas with Pool'],[None],"[""Set in Bormes-les-Mimosas, Provencal Holiday Home in Bormes les Mimosas with Pool offers a private pool and free WiFi. Guests benefit from a terrace and a children's playground.""]",43.149979,6.348528
https://www.booking.com/hotel/fr/villa-l-anthemis-villa-5-pieces-piscine-commune.en-gb.html?aid=304142&label=gen173nr-1FCAEoggI46AdIM1gEaE2IAQGYAQm4AQrIAQXYAQHoAQH4AQOIAgGoAgO4Atb4lZsGwAIB0gIkY2Q4YWVhOGMtNDZiNC00NzQ4LThiNmMtMjJmN2ZhM2FkODE52AIG4AIB&ucfs=1&arphpl=1&group_adults=2&req_adults=2&no_rooms=1&group_children=0&req_children=0&hpos=13&hapos=13&sr_order=popularity&srpvid=768c932c78530193&srepoch=1667595353&from_beach_sr=1&beach_sr_walking_distance=2145&from=searchresults#hotelTmpl,Bormes-les-Mimosas,['Amazing holiday home in Bormes les Mimosas with pool'],[None],"['Located in Bormes-les-Mimosas, 39 km from Toulon Train Station, 40 km from Zenith de Toulon and 4.5 km from La Favière, Amazing holiday home in Bormes les Mimosas with pool provides accommodation with a terrace and free WiFi. The holiday home is 34 km from Beauvallon Golf.']",43.149979,6.348528
https://www.booking.com/hotel/fr/studio-avenue-des-girelles.en-gb.html?aid=304142&label=gen173nr-1FCAEoggI46AdIM1gEaE2IAQGYAQm4AQrIAQXYAQHoAQH4AQOIAgGoAgO4Atb4lZsGwAIB0gIkY2Q4YWVhOGMtNDZiNC00NzQ4LThiNmMtMjJmN2ZhM2FkODE52AIG4AIB&ucfs=1&arphpl=1&group_adults=2&req_adults=2&no_rooms=1&group_children=0&req_children=0&hpos=12&hapos=12&sr_order=popularity&srpvid=768c932c78530193&srepoch=1667595353&from_beach_sr=1&beach_sr_walking_distance=466&from=searchresults#hotelTmpl,Bormes-les-Mimosas,['Studio a Bormes les Mimosas a 400 m de la plage avec jardin clos et wifi'],['9.0'],"['Offering garden views, Studio a Bormes les Mimosas a 400 m de la plage avec jardin clos et wifi is an accommodation set in Bormes-les-Mimosas, less than 1 km from Faviere and a 11-minute walk from Pointe de Gouron Beach. This property offers access to a balcony and free private parking.']",43.127119,6.357719
https://www.booking.com/hotel/fr/le-hameau-de-la-nicolinia-re.en-gb.html?aid=304142&label=gen173nr-1FCAEoggI46AdIM1gEaE2IAQGYAQm4AQrIAQXYAQHoAQH4AQOIAgGoAgO4Atb4lZsGwAIB0gIkY2Q4YWVhOGMtNDZiNC00NzQ4LThiNmMtMjJmN2ZhM2FkODE52AIG4AIB&ucfs=1&arphpl=1&group_adults=2&req_adults=2&no_rooms=1&group_children=0&req_children=0&hpos=10&hapos=10&sr_order=popularity&srpvid=768c932c78530193&srepoch=1667595353&from_beach_sr=1&beach_sr_walking_distance=448&from_sustainable_property_sr=1&from=searchresults#hotelTmpl,Bormes-les-Mimosas,['Le Hameau de la Nicolinière'],['8.9'],"[""You're eligible for a Genius discount at Le Hameau de la Nicolinière! To save at this property, all you have to do is ""]",43.10348079,6.32792383
https://www.booking.com/hotel/fr/gaou-benat.en-gb.html?aid=304142&label=gen173nr-1FCAEoggI46AdIM1gEaE2IAQGYAQm4AQrIAQXYAQHoAQH4AQOIAgGoAgO4Atb4lZsGwAIB0gIkY2Q4YWVhOGMtNDZiNC00NzQ4LThiNmMtMjJmN2ZhM2FkODE52AIG4AIB&ucfs=1&arphpl=1&group_adults=2&req_adults=2&no_rooms=1&group_children=0&req_children=0&hpos=7&hapos=7&sr_order=popularity&srpvid=768c932c78530193&srepoch=1667595353&from_beach_sr=1&beach_sr_walking_distance=552&from=searchresults#hotelTmpl,Bormes-les-Mimosas,"['Gaou Benat, village des fourches, Label patrimoine XXe siècle']",['9.3'],"[""You're eligible for a Genius discount at Gaou Benat, village des fourches, Label patrimoine XXe siècle! To save at this property, all you have to do is ""]",43.10413931,6.35253846
https://www.booking.com/hotel/fr/coeur-de-village-bormes-les-mimosas.en-gb.html?aid=304142&label=gen173nr-1FCAEoggI46AdIM1gEaE2IAQGYAQm4AQrIAQXYAQHoAQH4AQOIAgGoAgO4Atb4lZsGwAIB0gIkY2Q4YWVhOGMtNDZiNC00NzQ4LThiNmMtMjJmN2ZhM2FkODE52AIG4AIB&ucfs=1&arphpl=1&group_adults=2&req_adults=2&no_rooms=1&group_children=0&req_children=0&hpos=9&hapos=9&sr_order=popularity&srpvid=768c932c78530193&srepoch=1667595353&from_beach_sr=1&beach_sr_walking_distance=2528&from=searchresults#hotelTmpl,Bormes-les-Mimosas,['Coeur de village'],['8.2'],"[""You're eligible for a Genius discount at Coeur de village! To save at this property, all you have to do is ""]",43.150077,6.342641
https://www.booking.com/hotel/fr/apartement-la-faviere-bormes-les-mimosas.en-gb.html?aid=304142&label=gen173nr-1FCAEoggI46AdIM1gEaE2IAQGYAQm4AQrIAQXYAQHoAQH4AQOIAgGoAgO4Atb4lZsGwAIB0gIkY2Q4YWVhOGMtNDZiNC00NzQ4LThiNmMtMjJmN2ZhM2FkODE52AIG4AIB&ucfs=1&arphpl=1&group_adults=2&req_adults=2&no_rooms=1&group_children=0&req_children=0&hpos=8&hapos=8&sr_order=popularity&srpvid=768c932c78530193&srepoch=1667595353&from_beach_sr=1&beach_sr_walking_distance=518&from=searchresults#hotelTmpl,Bormes-les-Mimosas,['Appartement Bord de Mer La Faviere'],['8.2'],"['Renovated in January 2022, Apartement La Faviere is located in Bormes-les-Mimosas and features a terrace with views of the garden. The property is within 400 m from some restaurants and shops. Free private parking is available on site.']",43.12602594,6.35675467
https://www.booking.com/hotel/fr/assklan.en-gb.html?aid=304142&label=gen173nr-1FCAEoggI46AdIM1gEaE2IAQGYAQm4AQrIAQXYAQHoAQH4AQOIAgGoAgO4Atb4lZsGwAIB0gIkY2Q4YWVhOGMtNDZiNC00NzQ4LThiNmMtMjJmN2ZhM2FkODE52AIG4AIB&ucfs=1&arphpl=1&group_adults=2&req_adults=2&no_rooms=1&group_children=0&req_children=0&hpos=11&hapos=11&sr_order=popularity&srpvid=768c932c78530193&srepoch=1667595353&from_beach_sr=1&beach_sr_walking_distance=92&from=searchresults#hotelTmpl,Bormes-les-Mimosas,['Asklan'],['7.7'],"[""You're eligible for a Genius discount at Asklan! To save at this property, all you have to do is ""]",43.12264843,6.35946596
https://www.booking.com/hotel/fr/les-terrasses-bormes-les-mimosas.en-gb.html?aid=304142&label=gen173nr-1FCAEoggI46AdIM1gEaE2IAQGYAQm4AQrIAQXYAQHoAQH4AQOIAgGoAgO4Atb4lZsGwAIB0gIkY2Q4YWVhOGMtNDZiNC00NzQ4LThiNmMtMjJmN2ZhM2FkODE52AIG4AIB&ucfs=1&arphpl=1&group_adults=2&req_adults=2&no_rooms=1&group_children=0&req_children=0&hpos=5&hapos=5&sr_order=popularity&srpvid=768c932c78530193&srepoch=1667595353&from_beach_sr=1&beach_sr_walking_distance=1564&from_sustainable_property_sr=1&from=searchresults#hotelTmpl,Bormes-les-Mimosas,['Les Terrasses'],['8.4'],"[""You're eligible for a Genius discount at Les Terrasses! To save at this property, all you have to do is ""]",43.1441295,6.3514904
https://www.booking.com/hotel/fr/217-rue-des-iris.en-gb.html?aid=304142&label=gen173nr-1FCAEoggI46AdIM1gEaE2IAQGYAQm4AQrIAQXYAQHoAQH4AQOIAgGoAgO4Atb4lZsGwAIB0gIkY2Q4YWVhOGMtNDZiNC00NzQ4LThiNmMtMjJmN2ZhM2FkODE52AIG4AIB&ucfs=1&arphpl=1&group_adults=2&req_adults=2&no_rooms=1&group_children=0&req_children=0&hpos=6&hapos=6&sr_order=popularity&srpvid=768c932c78530193&srepoch=1667595353&from_beach_sr=1&beach_sr_walking_distance=2476&from=searchresults#hotelTmpl,Bormes-les-Mimosas,['Studio avec Jardin et Parking Privés'],['8.5'],"['Situated in Bormes-les-Mimosas, 38 km from Zenith de Toulon, 3.8 km from La Favière and 20 km from Villa Noailles Art Centre, Studio avec Jardin et Parking Privés features accommodation with a terrace and free WiFi. Located 38 km from Toulon Train Station, the property provides a garden and free private parking.']",43.1403633,6.3367149
https://www.booking.com/hotel/fr/magnifique-maison-de-village-clim-vue-mer-8-pers.en-gb.html?aid=304142&label=gen173nr-1FCAEoggI46AdIM1gEaE2IAQGYAQm4AQrIAQXYAQHoAQH4AQOIAgGoAgO4Atb4lZsGwAIB0gIkY2Q4YWVhOGMtNDZiNC00NzQ4LThiNmMtMjJmN2ZhM2FkODE52AIG4AIB&ucfs=1&arphpl=1&group_adults=2&req_adults=2&no_rooms=1&group_children=0&req_children=0&hpos=3&hapos=3&sr_order=popularity&srpvid=768c932c78530193&srepoch=1667595353&from_beach_sr=1&beach_sr_walking_distance=2727&from=searchresults#hotelTmpl,Bormes-les-Mimosas,['Magnifique maison de village clim vue mer 6 pers'],['8.5'],"[""You're eligible for a Genius discount at Magnifique maison de village clim vue mer 6 pers! To save at this property, all you have to do is ""]",43.151608,6.3411234
https://www.booking.com/hotel/fr/villa-du-sud-bormes-les-mimosas12.en-gb.html?aid=304142&label=gen173nr-1FCAEoggI46AdIM1gEaE2IAQGYAQm4AQrIAQXYAQHoAQH4AQOIAgGoAgO4Atb4lZsGwAIB0gIkY2Q4YWVhOGMtNDZiNC00NzQ4LThiNmMtMjJmN2ZhM2FkODE52AIG4AIB&ucfs=1&arphpl=1&group_adults=2&req_adults=2&no_rooms=1&group_children=0&req_children=0&hpos=4&hapos=4&sr_order=popularity&srpvid=768c932c78530193&srepoch=1667595353&from_beach_sr=1&beach_sr_walking_distance=1676&from=searchresults#hotelTmpl,Bormes-les-Mimosas,['Villa spacieuse confort et standing'],['8.4'],"['Situated in Bormes-les-Mimosas, 2.9 km from Grande Plage, Villa spacieuse confort et standing features accommodation with an outdoor swimming pool, free WiFi, a 24-hour front desk, and a shared kitchen. Boasting free private parking, the villa is in an area where guests can engage in activities such as hiking, snorkelling and table tennis.']",43.1451578,6.3507401
https://www.booking.com/hotel/fr/les-pieds-dans-l-39-eau-collioure.en-gb.html?aid=304142&label=gen173nr-1FCAEoggI46AdIM1gEaE2IAQGYAQm4AQrIAQXYAQHoAQH4AQOIAgGoAgO4Atb4lZsGwAIB0gIkY2Q4YWVhOGMtNDZiNC00NzQ4LThiNmMtMjJmN2ZhM2FkODE52AIG4AIB&ucfs=1&arphpl=1&group_adults=2&req_adults=2&no_rooms=1&group_children=0&req_children=0&hpos=19&hapos=19&sr_order=popularity&srpvid=82ac932cc82e02dd&srepoch=1667595353&from_beach_sr=1&beach_sr_walking_distance=27&from=searchresults#hotelTmpl,Collioure,"[""Les Pieds dans l'Eau""]",['7.6'],"[""Les Pieds dans l'Eau offers accommodation in Collioure with free WiFi and city views. It is set 50 m from la plage des Pêcheurs. The property is located in the historic center.""]",42.52716324,3.0850151
https://www.booking.com/hotel/fr/rue-du-soleil-6sol16.en-gb.html?aid=304142&label=gen173nr-1FCAEoggI46AdIM1gEaE2IAQGYAQm4AQrIAQXYAQHoAQH4AQOIAgGoAgO4Atb4lZsGwAIB0gIkY2Q4YWVhOGMtNDZiNC00NzQ4LThiNmMtMjJmN2ZhM2FkODE52AIG4AIB&ucfs=1&arphpl=1&group_adults=2&req_adults=2&no_rooms=1&group_children=0&req_children=0&hpos=18&hapos=18&sr_order=popularity&srpvid=82ac932cc82e02dd&srepoch=1667595353&from_beach_sr=1&beach_sr_walking_distance=115&from=searchresults#hotelTmpl,Collioure,['RUE DU SOLEIL 6SOL16'],['9.5'],"['RUE DU SOLEIL 6SOL16 is set in Collioure, 200 m from Boutigue Beach, 300 m from Port Avall Beach, and 500 m from Balette Beach. This beachfront property offers access to a balcony and free private parking.']",42.5231685,3.0848662
https://www.booking.com/hotel/fr/le-petit-atelier-bormes-les-mimosas1234567891011121314151617.en-gb.html?aid=304142&label=gen173nr-1FCAEoggI46AdIM1gEaE2IAQGYAQm4AQrIAQXYAQHoAQH4AQOIAgGoAgO4Atb4lZsGwAIB0gIkY2Q4YWVhOGMtNDZiNC00NzQ4LThiNmMtMjJmN2ZhM2FkODE52AIG4AIB&ucfs=1&arphpl=1&group_adults=2&req_adults=2&no_rooms=1&group_children=0&req_children=0&hpos=2&hapos=2&sr_order=popularity&srpvid=768c932c78530193&srepoch=1667595353&from_beach_sr=1&beach_sr_walking_distance=1640&from_sustainable_property_sr=1&from=searchresults#hotelTmpl,Bormes-les-Mimosas,['Le petit atelier'],['8.9'],"[""You're eligible for a Genius discount at Le petit atelier! To save at this property, all you have to do is ""]",43.142501,6.3491788
https://www.booking.com/hotel/fr/homestay-bormes-bormes-les-mimosas.en-gb.html?aid=304142&label=gen173nr-1FCAEoggI46AdIM1gEaE2IAQGYAQm4AQrIAQXYAQHoAQH4AQOIAgGoAgO4Atb4lZsGwAIB0gIkY2Q4YWVhOGMtNDZiNC00NzQ4LThiNmMtMjJmN2ZhM2FkODE52AIG4AIB&ucfs=1&arphpl=1&group_adults=2&req_adults=2&no_rooms=1&group_children=0&req_children=0&hpos=1&hapos=1&sr_order=popularity&srpvid=768c932c78530193&srepoch=1667595353&from_beach_sr=1&from=searchresults#hotelTmpl,Bormes-les-Mimosas,['HomeStay Bormes'],['9.6'],"['HomeStay Bormes features pool views, free WiFi and free private parking, located in Bormes-les-Mimosas, 37 km from Toulon Train Station.']",43.146445,6.327724
https://www.booking.com/hotel/fr/appartement-le-val-saint-elme-collioure.en-gb.html?aid=304142&label=gen173nr-1FCAEoggI46AdIM1gEaE2IAQGYAQm4AQrIAQXYAQHoAQH4AQOIAgGoAgO4Atb4lZsGwAIB0gIkY2Q4YWVhOGMtNDZiNC00NzQ4LThiNmMtMjJmN2ZhM2FkODE52AIG4AIB&ucfs=1&arphpl=1&group_adults=2&req_adults=2&no_rooms=1&group_children=0&req_children=0&hpos=16&hapos=16&sr_order=popularity&srpvid=82ac932cc82e02dd&srepoch=1667595353&from_beach_sr=1&beach_sr_walking_distance=206&from=searchresults#hotelTmpl,Collioure,['Appartement Le val Saint-Elme - 4VE284'],['7.3'],"[""You're eligible for a Genius discount at Appartement Le val Saint-Elme - 4VE284! To save at this property, all you have to do is ""]",42.522027,3.087054
https://www.booking.com/hotel/fr/residence-val-saint-elme-4vse197.en-gb.html?aid=304142&label=gen173nr-1FCAEoggI46AdIM1gEaE2IAQGYAQm4AQrIAQXYAQHoAQH4AQOIAgGoAgO4Atb4lZsGwAIB0gIkY2Q4YWVhOGMtNDZiNC00NzQ4LThiNmMtMjJmN2ZhM2FkODE52AIG4AIB&ucfs=1&arphpl=1&group_adults=2&req_adults=2&no_rooms=1&group_children=0&req_children=0&hpos=17&hapos=17&sr_order=popularity&srpvid=82ac932cc82e02dd&srepoch=1667595353&from_beach_sr=1&beach_sr_walking_distance=195&from=searchresults#hotelTmpl,Collioure,['Résidence Val Saint-Elme 4VSE197'],['7.7'],"['Situated in Collioure, just 200 m from Port Avall Beach, Résidence Val Saint-Elme 4VSE197 features beachfront accommodation with a terrace and free WiFi. The property features garden views and is 200 m from Boutigue Beach and 600 m from Balette Beach.']",42.522124,3.087059
https://www.booking.com/hotel/fr/les-dminicains-4dom489.en-gb.html?aid=304142&label=gen173nr-1FCAEoggI46AdIM1gEaE2IAQGYAQm4AQrIAQXYAQHoAQH4AQOIAgGoAgO4Atb4lZsGwAIB0gIkY2Q4YWVhOGMtNDZiNC00NzQ4LThiNmMtMjJmN2ZhM2FkODE52AIG4AIB&ucfs=1&arphpl=1&group_adults=2&req_adults=2&no_rooms=1&group_children=0&req_children=0&hpos=15&hapos=15&sr_order=popularity&srpvid=82ac932cc82e02dd&srepoch=1667595353&from_beach_sr=1&beach_sr_walking_distance=71&from=searchresults#hotelTmpl,Collioure,['Appartement 2 Chambres - Les Dominicains - 4DOM11'],['7.2'],"['Offering mountain views, Appartement 2 Chambres - Les Dominicains - 4DOM11 is an accommodation situated in Collioure, 100 m from Boutigue Beach and 300 m from Port Avall Beach. This beachfront property offers access to a terrace and free private parking.']",42.523415,3.087757
https://www.booking.com/hotel/fr/appartement-saphir-collioure.en-gb.html?aid=304142&label=gen173nr-1FCAEoggI46AdIM1gEaE2IAQGYAQm4AQrIAQXYAQHoAQH4AQOIAgGoAgO4Atb4lZsGwAIB0gIkY2Q4YWVhOGMtNDZiNC00NzQ4LThiNmMtMjJmN2ZhM2FkODE52AIG4AIB&ucfs=1&arphpl=1&group_adults=2&req_adults=2&no_rooms=1&group_children=0&req_children=0&hpos=11&hapos=11&sr_order=popularity&srpvid=82ac932cc82e02dd&srepoch=1667595353&from_beach_sr=1&beach_sr_walking_distance=68&from=searchresults#hotelTmpl,Collioure,['Appartement Saphir - 4SAP7'],['6.6'],"[""You're eligible for a Genius discount at Appartement Saphir - 4SAP7! To save at this property, all you have to do is ""]",42.524373,3.090094
https://www.booking.com/hotel/fr/appartement-hauts-de-collioure.en-gb.html?aid=304142&label=gen173nr-1FCAEoggI46AdIM1gEaE2IAQGYAQm4AQrIAQXYAQHoAQH4AQOIAgGoAgO4Atb4lZsGwAIB0gIkY2Q4YWVhOGMtNDZiNC00NzQ4LThiNmMtMjJmN2ZhM2FkODE52AIG4AIB&ucfs=1&arphpl=1&group_adults=2&req_adults=2&no_rooms=1&group_children=0&req_children=0&hpos=12&hapos=12&sr_order=popularity&srpvid=82ac932cc82e02dd&srepoch=1667595353&from_beach_sr=1&beach_sr_walking_distance=151&from=searchresults#hotelTmpl,Collioure,['Appartement Hauts de Collioure - 4HC65'],['7.4'],"['Appartement Hauts de Collioure - 4HC65 is set in Collioure, 200 m from Balette Beach, 400 m from Boutigue Beach, as well as 600 m from Port Avall Beach. This beachfront property offers access to a balcony and free private parking.']",42.523474,3.090469
https://www.booking.com/hotel/fr/collioure-tres-bel-appart-a-150-metres-des-belles-plages-avec-jardin.en-gb.html?aid=304142&label=gen173nr-1FCAEoggI46AdIM1gEaE2IAQGYAQm4AQrIAQXYAQHoAQH4AQOIAgGoAgO4Atb4lZsGwAIB0gIkY2Q4YWVhOGMtNDZiNC00NzQ4LThiNmMtMjJmN2ZhM2FkODE52AIG4AIB&ucfs=1&arphpl=1&group_adults=2&req_adults=2&no_rooms=1&group_children=0&req_children=0&hpos=13&hapos=13&sr_order=popularity&srpvid=82ac932cc82e02dd&srepoch=1667595353&from_beach_sr=1&beach_sr_walking_distance=164&from=searchresults#hotelTmpl,Collioure,['COLLIOURE tres bel appart a 150 metres des plages avec jardin prive et parking dans residence securisee'],['8.7'],"['Situated in Collioure, just 200 m from Boutigue Beach, COLLIOURE tres bel appart a 150 m des plages avec jardin prive et parking dans residence securisee features accommodation with a casino, a terrace and free WiFi. Set 200 m from Port Avall Beach, the property offers a garden and free private parking.']",42.5224086,3.0869409
https://www.booking.com/hotel/fr/appartement-residence-soleil-marin-4som23.en-gb.html?aid=304142&label=gen173nr-1FCAEoggI46AdIM1gEaE2IAQGYAQm4AQrIAQXYAQHoAQH4AQOIAgGoAgO4Atb4lZsGwAIB0gIkY2Q4YWVhOGMtNDZiNC00NzQ4LThiNmMtMjJmN2ZhM2FkODE52AIG4AIB&ucfs=1&arphpl=1&group_adults=2&req_adults=2&no_rooms=1&group_children=0&req_children=0&hpos=14&hapos=14&sr_order=popularity&srpvid=82ac932cc82e02dd&srepoch=1667595353&from_beach_sr=1&beach_sr_walking_distance=391&from=searchresults#hotelTmpl,Collioure,['Appartement résidence Soleil Marin 4SOM23'],['8.1'],"[""You're eligible for a Genius discount at Appartement résidence Soleil Marin 4SOM23! To save at this property, all you have to do is ""]",42.52237104,3.08109576
https://www.booking.com/hotel/fr/appartement-les-roches-bleues-collioure.en-gb.html?aid=304142&label=gen173nr-1FCAEoggI46AdIM1gEaE2IAQGYAQm4AQrIAQXYAQHoAQH4AQOIAgGoAgO4Atb4lZsGwAIB0gIkY2Q4YWVhOGMtNDZiNC00NzQ4LThiNmMtMjJmN2ZhM2FkODE52AIG4AIB&ucfs=1&arphpl=1&group_adults=2&req_adults=2&no_rooms=1&group_children=0&req_children=0&hpos=9&hapos=9&sr_order=popularity&srpvid=82ac932cc82e02dd&srepoch=1667595353&from_beach_sr=1&beach_sr_walking_distance=92&from=searchresults#hotelTmpl,Collioure,['Appartement Les Roches Bleues - 5RB14'],['9.0'],"['Featuring sea views, Appartement Les Roches Bleues - 5RB14 provides accommodation with a terrace and a coffee machine, around 200 m from Oli Beach. This beachfront property offers access to a balcony and free private parking.']",42.523431,3.097688
https://www.booking.com/hotel/fr/appartement-sous-le-soleil.en-gb.html?aid=304142&label=gen173nr-1FCAEoggI46AdIM1gEaE2IAQGYAQm4AQrIAQXYAQHoAQH4AQOIAgGoAgO4Atb4lZsGwAIB0gIkY2Q4YWVhOGMtNDZiNC00NzQ4LThiNmMtMjJmN2ZhM2FkODE52AIG4AIB&ucfs=1&arphpl=1&group_adults=2&req_adults=2&no_rooms=1&group_children=0&req_children=0&hpos=7&hapos=7&sr_order=popularity&srpvid=82ac932cc82e02dd&srepoch=1667595353&from_beach_sr=1&beach_sr_walking_distance=679&from_sustainable_property_sr=1&from=searchresults#hotelTmpl,Collioure,['Appartement Sous le Soleil'],['9.4'],"['Situated in Collioure, 1.4 km from Ouille Beach and 1.6 km from Boramar Beach, Appartement Sous le Soleil offers a terrace and air conditioning. This apartment features free private parking, a 24-hour front desk and free WiFi.']",42.5271222,3.0765161
https://www.booking.com/hotel/fr/residence-saphir-4sa711.en-gb.html?aid=304142&label=gen173nr-1FCAEoggI46AdIM1gEaE2IAQGYAQm4AQrIAQXYAQHoAQH4AQOIAgGoAgO4Atb4lZsGwAIB0gIkY2Q4YWVhOGMtNDZiNC00NzQ4LThiNmMtMjJmN2ZhM2FkODE52AIG4AIB&ucfs=1&arphpl=1&group_adults=2&req_adults=2&no_rooms=1&group_children=0&req_children=0&hpos=10&hapos=10&sr_order=popularity&srpvid=82ac932cc82e02dd&srepoch=1667595353&from_beach_sr=1&beach_sr_walking_distance=73&from=searchresults#hotelTmpl,Collioure,['Bel appartement pour 4 personnes - 4SAP22'],['7.7'],"[""You're eligible for a Genius discount at Bel appartement pour 4 personnes - 4SAP22! To save at this property, all you have to do is ""]",42.52434874,3.09014887
https://www.booking.com/hotel/fr/rue-coma-cheric-6coma1.en-gb.html?aid=304142&label=gen173nr-1FCAEoggI46AdIM1gEaE2IAQGYAQm4AQrIAQXYAQHoAQH4AQOIAgGoAgO4Atb4lZsGwAIB0gIkY2Q4YWVhOGMtNDZiNC00NzQ4LThiNmMtMjJmN2ZhM2FkODE52AIG4AIB&ucfs=1&arphpl=1&group_adults=2&req_adults=2&no_rooms=1&group_children=0&req_children=0&hpos=5&hapos=5&sr_order=popularity&srpvid=82ac932cc82e02dd&srepoch=1667595353&from_beach_sr=1&beach_sr_walking_distance=83&from=searchresults#hotelTmpl,Collioure,['Rue Coma Cheric 6COMA1'],[None],"['Offering sea views, Rue Coma Cheric 6COMA1 is an accommodation situated in Collioure, 80 m from Boutigue Beach and 200 m from Port Avall Beach. This beachfront property offers access to a terrace and free private parking.']",42.523145,3.0867856
https://www.booking.com/hotel/fr/appartement-de-charme-a-50m-de-la-plage-de-sable.en-gb.html?aid=304142&label=gen173nr-1FCAEoggI46AdIM1gEaE2IAQGYAQm4AQrIAQXYAQHoAQH4AQOIAgGoAgO4Atb4lZsGwAIB0gIkY2Q4YWVhOGMtNDZiNC00NzQ4LThiNmMtMjJmN2ZhM2FkODE52AIG4AIB&ucfs=1&arphpl=1&group_adults=2&req_adults=2&no_rooms=1&group_children=0&req_children=0&hpos=8&hapos=8&sr_order=popularity&srpvid=82ac932cc82e02dd&srepoch=1667595353&from_beach_sr=1&beach_sr_walking_distance=74&from=searchresults#hotelTmpl,Collioure,['Appartement de charme à 50m de la plage de sable'],['8.5'],"['Set in Collioure, just 100 m from Port Avall Beach, Appartement de charme à 50 m de la plage de sable offers beachfront accommodation with free WiFi. The property features sea and city views, and is 300 m from Boutigue Beach.']",42.5238821,3.0844023
https://www.booking.com/hotel/fr/madeloc.en-gb.html?aid=304142&label=gen173nr-1FCAEoggI46AdIM1gEaE2IAQGYAQm4AQrIAQXYAQHoAQH4AQOIAgGoAgO4Atb4lZsGwAIB0gIkY2Q4YWVhOGMtNDZiNC00NzQ4LThiNmMtMjJmN2ZhM2FkODE52AIG4AIB&ucfs=1&arphpl=1&group_adults=2&req_adults=2&no_rooms=1&group_children=0&req_children=0&hpos=4&hapos=4&sr_order=popularity&srpvid=82ac932cc82e02dd&srepoch=1667595353&from_beach_sr=1&beach_sr_walking_distance=547&from_sustainable_property_sr=1&from=searchresults#hotelTmpl,Collioure,['Le Madeloc Hôtel & Spa'],['8.8'],"[""You're eligible for a Genius discount at Le Madeloc Hôtel & Spa! To save at this property, all you have to do is ""]",42.52876467,3.07865426
https://www.booking.com/hotel/fr/appartement-intra-murros-collioure.en-gb.html?aid=304142&label=gen173nr-1FCAEoggI46AdIM1gEaE2IAQGYAQm4AQrIAQXYAQHoAQH4AQOIAgGoAgO4Atb4lZsGwAIB0gIkY2Q4YWVhOGMtNDZiNC00NzQ4LThiNmMtMjJmN2ZhM2FkODE52AIG4AIB&ucfs=1&arphpl=1&group_adults=2&req_adults=2&no_rooms=1&group_children=0&req_children=0&hpos=3&hapos=3&sr_order=popularity&srpvid=82ac932cc82e02dd&srepoch=1667595353&from_beach_sr=1&beach_sr_walking_distance=145&from=searchresults#hotelTmpl,Collioure,['Appartement Intra-murros - 4EGA41'],['8.0'],"['Appartement Intra-murros - 4EGA41 is located in Collioure, 200 m from Boramar Beach, 200 m from Nord Beach, and 300 m from Saint Vincent Beach. This beachfront property offers access to a balcony and free WiFi.']",42.527757,3.083759
https://www.booking.com/hotel/fr/residence-saint-vincent.en-gb.html?aid=304142&label=gen173nr-1FCAEoggI46AdIM1gEaE2IAQGYAQm4AQrIAQXYAQHoAQH4AQOIAgGoAgO4Atb4lZsGwAIB0gIkY2Q4YWVhOGMtNDZiNC00NzQ4LThiNmMtMjJmN2ZhM2FkODE52AIG4AIB&ucfs=1&arphpl=1&group_adults=2&req_adults=2&no_rooms=1&group_children=0&req_children=0&hpos=6&hapos=6&sr_order=popularity&srpvid=82ac932cc82e02dd&srepoch=1667595353&from_beach_sr=1&beach_sr_walking_distance=93&from_sustainable_property_sr=1&from=searchresults#hotelTmpl,Collioure,['Résidence Saint Vincent'],['8.0'],"[""You're eligible for a Genius discount at Résidence Saint Vincent! To save at this property, all you have to do is ""]",42.52730095,3.08423268
https://www.booking.com/hotel/fr/hermes.en-gb.html?aid=304142&label=gen173nr-1FCAEoggI46AdIM1gEaE2IAQGYAQm4AQrIAQXYAQHoAQH4AQOIAgGoAgO4Atb4lZsGwAIB0gIkY2Q4YWVhOGMtNDZiNC00NzQ4LThiNmMtMjJmN2ZhM2FkODE52AIG4AIB&ucfs=1&arphpl=1&group_adults=2&req_adults=2&no_rooms=1&group_children=0&req_children=0&hpos=19&hapos=19&sr_order=popularity&srpvid=2827932c3e62002b&srepoch=1667595353&from=searchresults#hotelTmpl,Marseille,['Hôtel Hermès'],['7.9'],"['Hôtel Hermès is just 35 m from the Vieux Port in central Marseilles. It offers a roof-top terrace with panoramic views of the harbour and the city, and free Wi-Fi.']",43.29655283,5.37188329
https://www.booking.com/hotel/fr/appart-39-odalys-le-dome.en-gb.html?aid=304142&label=gen173nr-1FCAEoggI46AdIM1gEaE2IAQGYAQm4AQrIAQXYAQHoAQH4AQOIAgGoAgO4Atb4lZsGwAIB0gIkY2Q4YWVhOGMtNDZiNC00NzQ4LThiNmMtMjJmN2ZhM2FkODE52AIG4AIB&ucfs=1&arphpl=1&group_adults=2&req_adults=2&no_rooms=1&group_children=0&req_children=0&hpos=18&hapos=18&sr_order=popularity&srpvid=2827932c3e62002b&srepoch=1667595353&from_sustainable_property_sr=1&from=searchresults#hotelTmpl,Marseille,['Odalys City Marseille Le Dôme'],['6.9'],"['Odalys City Marseille Le Dôme offers self-catering accommodation in Marseille, 3.1 km from the Old Port and 2.4 km from Marseille Saint-Charles Train Station. Free WiFi is provided.']",43.31106501,5.40359886
https://www.booking.com/hotel/fr/hotelcasapairal.en-gb.html?aid=304142&label=gen173nr-1FCAEoggI46AdIM1gEaE2IAQGYAQm4AQrIAQXYAQHoAQH4AQOIAgGoAgO4Atb4lZsGwAIB0gIkY2Q4YWVhOGMtNDZiNC00NzQ4LThiNmMtMjJmN2ZhM2FkODE52AIG4AIB&ucfs=1&arphpl=1&group_adults=2&req_adults=2&no_rooms=1&group_children=0&req_children=0&hpos=1&hapos=1&sr_order=popularity&srpvid=82ac932cc82e02dd&srepoch=1667595353&from_beach_sr=1&beach_sr_walking_distance=239&from_sustainable_property_sr=1&from=searchresults#hotelTmpl,Collioure,['Hôtel La Casa Pairal'],['8.8'],"['Situated 250 m from Collioure beach and port, Hôtel La Casa Pairal features an exotic floral garden and a heated outdoor swimming pool. The hotel is located in a 19th century Catalan building in the old quarter of Collioure.']",42.52616733,3.08235571
https://www.booking.com/hotel/fr/citadines-aparthotel-marseillepradochanot.en-gb.html?aid=304142&label=gen173nr-1FCAEoggI46AdIM1gEaE2IAQGYAQm4AQrIAQXYAQHoAQH4AQOIAgGoAgO4Atb4lZsGwAIB0gIkY2Q4YWVhOGMtNDZiNC00NzQ4LThiNmMtMjJmN2ZhM2FkODE52AIG4AIB&ucfs=1&arphpl=1&group_adults=2&req_adults=2&no_rooms=1&group_children=0&req_children=0&hpos=17&hapos=17&sr_order=popularity&srpvid=2827932c3e62002b&srepoch=1667595353&from_sustainable_property_sr=1&from=searchresults#hotelTmpl,Marseille,['Citadines Prado Chanot Marseille'],['8.0'],"['This hotel is located next to Marseille’s Parc Chanot Exhibition Centre, 1 km from the Vélodrome Football Stadium.  It offers self-catering accommodation with a private garden and free Wi-Fi.']",43.27647108,5.3911972
https://www.booking.com/hotel/fr/appart-39-odalys-prado-castellane.en-gb.html?aid=304142&label=gen173nr-1FCAEoggI46AdIM1gEaE2IAQGYAQm4AQrIAQXYAQHoAQH4AQOIAgGoAgO4Atb4lZsGwAIB0gIkY2Q4YWVhOGMtNDZiNC00NzQ4LThiNmMtMjJmN2ZhM2FkODE52AIG4AIB&ucfs=1&arphpl=1&group_adults=2&req_adults=2&no_rooms=1&group_children=0&req_children=0&hpos=20&hapos=20&sr_order=popularity&srpvid=2827932c3e62002b&srepoch=1667595353&from_sustainable_property_sr=1&from=searchresults#hotelTmpl,Marseille,['Odalys City Marseille Prado Castellane'],['7.5'],"[""Set in Marseille in the Provence-Alpes-Côte d'Azur Region, 1.1 km from Velodrome Stadium, Odalys City Marseille Prado Castellane features a heated terrace and a fitness centre. Palais du Pharo is 2.9 km from the property. Free WiFi is available throughout.""]",43.27977452,5.3905347
https://www.booking.com/hotel/fr/residence-du-soleil-collioure.en-gb.html?aid=304142&label=gen173nr-1FCAEoggI46AdIM1gEaE2IAQGYAQm4AQrIAQXYAQHoAQH4AQOIAgGoAgO4Atb4lZsGwAIB0gIkY2Q4YWVhOGMtNDZiNC00NzQ4LThiNmMtMjJmN2ZhM2FkODE52AIG4AIB&ucfs=1&arphpl=1&group_adults=2&req_adults=2&no_rooms=1&group_children=0&req_children=0&hpos=2&hapos=2&sr_order=popularity&srpvid=82ac932cc82e02dd&srepoch=1667595353&from_beach_sr=1&beach_sr_walking_distance=101&from_sustainable_property_sr=1&from=searchresults#hotelTmpl,Collioure,['Résidence du Soleil'],['7.8'],"['Set 400 m from Collioure Royal Castle in Collioure and 100 m from the beach, this apartment located in the city center features a terrace and a garden. Guests benefit from free WiFi and private parking available on site.']",42.52311754,3.0854253
https://www.booking.com/hotel/fr/citadines-aparthotel-marseilleprado.en-gb.html?aid=304142&label=gen173nr-1FCAEoggI46AdIM1gEaE2IAQGYAQm4AQrIAQXYAQHoAQH4AQOIAgGoAgO4Atb4lZsGwAIB0gIkY2Q4YWVhOGMtNDZiNC00NzQ4LThiNmMtMjJmN2ZhM2FkODE52AIG4AIB&ucfs=1&arphpl=1&group_adults=2&req_adults=2&no_rooms=1&group_children=0&req_children=0&hpos=16&hapos=16&sr_order=popularity&srpvid=2827932c3e62002b&srepoch=1667595353&from_sustainable_property_sr=1&from=searchresults#hotelTmpl,Marseille,['Citadines Castellane Marseille'],['8.0'],"['This Citadines offers self-catered apartments in Marseille, a 3-minute drive from the A50 motorway, 5-minutes’ walk from Castellane Metro and 2 km from the Velodrome Stadium. Each apartment has an equipped kitchen and free internet.']",43.28282806,5.38725905
https://www.booking.com/hotel/fr/sofitel-marseille-vieux-port.en-gb.html?aid=304142&label=gen173nr-1FCAEoggI46AdIM1gEaE2IAQGYAQm4AQrIAQXYAQHoAQH4AQOIAgGoAgO4Atb4lZsGwAIB0gIkY2Q4YWVhOGMtNDZiNC00NzQ4LThiNmMtMjJmN2ZhM2FkODE52AIG4AIB&ucfs=1&arphpl=1&group_adults=2&req_adults=2&no_rooms=1&group_children=0&req_children=0&hpos=15&hapos=15&sr_order=popularity&srpvid=2827932c3e62002b&srepoch=1667595353&from_sustainable_property_sr=1&from=searchresults#hotelTmpl,Marseille,['Sofitel Marseille Vieux-Port'],['8.3'],"[""Boasting free access to a spa, sauna and hammam, Sofitel Marseille Vieux-Port also features 3 terraces overlooking Marseille's Old Port. Some air-conditioned guest rooms have a terrace with harbour views.""]",43.29242722,5.36084533
https://www.booking.com/hotel/fr/welkeys-sainte.en-gb.html?aid=304142&label=gen173nr-1FCAEoggI46AdIM1gEaE2IAQGYAQm4AQrIAQXYAQHoAQH4AQOIAgGoAgO4Atb4lZsGwAIB0gIkY2Q4YWVhOGMtNDZiNC00NzQ4LThiNmMtMjJmN2ZhM2FkODE52AIG4AIB&ucfs=1&arphpl=1&group_adults=2&req_adults=2&no_rooms=1&group_children=0&req_children=0&hpos=13&hapos=13&sr_order=popularity&srpvid=2827932c3e62002b&srepoch=1667595353&from=searchresults#hotelTmpl,Marseille,['Welkeys Apartment - Sainte'],[None],"['In the Vieux Port - La Canebière district of Marseille, close to Saint-Ferreol Street, Welkeys Apartment - Sainte features free WiFi and a washing machine. The accommodation is an 11-minute walk from the Notre-Dame de la Garde Basilica.']",43.292391,5.373729
https://www.booking.com/hotel/fr/appartements-montgrand.en-gb.html?aid=304142&label=gen173nr-1FCAEoggI46AdIM1gEaE2IAQGYAQm4AQrIAQXYAQHoAQH4AQOIAgGoAgO4Atb4lZsGwAIB0gIkY2Q4YWVhOGMtNDZiNC00NzQ4LThiNmMtMjJmN2ZhM2FkODE52AIG4AIB&ucfs=1&arphpl=1&group_adults=2&req_adults=2&no_rooms=1&group_children=0&req_children=0&hpos=14&hapos=14&sr_order=popularity&srpvid=2827932c3e62002b&srepoch=1667595353&from_sustainable_property_sr=1&from=searchresults#hotelTmpl,Marseille,['Appart hôtel Maison Montgrand-Vieux Port'],['8.5'],"[""You're eligible for a Genius discount at Appart hôtel Maison Montgrand-Vieux Port! To save at this property, all you have to do is ""]",43.291159,5.376363
https://www.booking.com/hotel/fr/residhotel-vieux-port.en-gb.html?aid=304142&label=gen173nr-1FCAEoggI46AdIM1gEaE2IAQGYAQm4AQrIAQXYAQHoAQH4AQOIAgGoAgO4Atb4lZsGwAIB0gIkY2Q4YWVhOGMtNDZiNC00NzQ4LThiNmMtMjJmN2ZhM2FkODE52AIG4AIB&ucfs=1&arphpl=1&group_adults=2&req_adults=2&no_rooms=1&group_children=0&req_children=0&hpos=12&hapos=12&sr_order=popularity&srpvid=2827932c3e62002b&srepoch=1667595353&from=searchresults#hotelTmpl,Marseille,['Residhotel Vieux Port'],['7.3'],"[""Residhotel Vieux Port is located in Marseille's city centre, in front of the old port and a 15-minute walk from both the Mucem Museum and les Terrasses du Port Shopping Centre. It offers air-conditioned guest rooms with a private bathroom, flat-screen TVs and free WiFi.""]",43.29681825,5.37305743
https://www.booking.com/hotel/fr/le-petit-panier.en-gb.html?aid=304142&label=gen173nr-1FCAEoggI46AdIM1gEaE2IAQGYAQm4AQrIAQXYAQHoAQH4AQOIAgGoAgO4Atb4lZsGwAIB0gIkY2Q4YWVhOGMtNDZiNC00NzQ4LThiNmMtMjJmN2ZhM2FkODE52AIG4AIB&ucfs=1&arphpl=1&group_adults=2&req_adults=2&no_rooms=1&group_children=0&req_children=0&hpos=10&hapos=10&sr_order=popularity&srpvid=2827932c3e62002b&srepoch=1667595353&from_sustainable_property_sr=1&from=searchresults#hotelTmpl,Marseille,['Panier'],['7.4'],"[""You're eligible for a Genius discount at Panier! To save at this property, all you have to do is ""]",43.2978666,5.3654236
https://www.booking.com/hotel/fr/seven-urban-suites.en-gb.html?aid=304142&label=gen173nr-1FCAEoggI46AdIM1gEaE2IAQGYAQm4AQrIAQXYAQHoAQH4AQOIAgGoAgO4Atb4lZsGwAIB0gIkY2Q4YWVhOGMtNDZiNC00NzQ4LThiNmMtMjJmN2ZhM2FkODE52AIG4AIB&ucfs=1&arphpl=1&group_adults=2&req_adults=2&no_rooms=1&group_children=0&req_children=0&hpos=11&hapos=11&sr_order=popularity&srpvid=2827932c3e62002b&srepoch=1667595353&from_sustainable_property_sr=1&from=searchresults#hotelTmpl,Marseille,"[""Appart'City Confort Marseille Centre Prado Velodrome""]",['7.6'],"[""Appart'City Confort Marseille Centre Prado Velodrome, just 200 m from Périer Metro Station, which leads directly to the centre of Marseille, The European and Mediterranean Civilisations Museum (MuCEM), and the old port. Palais des Congrès and the Vélodrome Stadium are next to the property.""]",43.2798554,5.390496
https://www.booking.com/hotel/fr/superbe-appart-3-p-10-mn-de-la-plage-avec-piscine.en-gb.html?aid=304142&label=gen173nr-1FCAEoggI46AdIM1gEaE2IAQGYAQm4AQrIAQXYAQHoAQH4AQOIAgGoAgO4Atb4lZsGwAIB0gIkY2Q4YWVhOGMtNDZiNC00NzQ4LThiNmMtMjJmN2ZhM2FkODE52AIG4AIB&ucfs=1&arphpl=1&group_adults=2&req_adults=2&no_rooms=1&group_children=0&req_children=0&hpos=9&hapos=9&sr_order=popularity&srpvid=2827932c3e62002b&srepoch=1667595353&from_sustainable_property_sr=1&from=searchresults#hotelTmpl,Marseille,"['Superbe appart 3 p, 10 mn de la plage avec piscine et parking']",['9.0'],"[""You're eligible for a Genius discount at Superbe appart 3 p, 10 mn de la plage avec piscine et parking! To save at this property, all you have to do is ""]",43.2505303,5.3814817
https://www.booking.com/hotel/fr/superbe-cocon-au-soleil-de-marseille.en-gb.html?aid=304142&label=gen173nr-1FCAEoggI46AdIM1gEaE2IAQGYAQm4AQrIAQXYAQHoAQH4AQOIAgGoAgO4Atb4lZsGwAIB0gIkY2Q4YWVhOGMtNDZiNC00NzQ4LThiNmMtMjJmN2ZhM2FkODE52AIG4AIB&ucfs=1&arphpl=1&group_adults=2&req_adults=2&no_rooms=1&group_children=0&req_children=0&hpos=8&hapos=8&sr_order=popularity&srpvid=2827932c3e62002b&srepoch=1667595353&from=searchresults#hotelTmpl,Marseille,['Cocon au Soleil 1827'],['8.8'],"[""You're eligible for a Genius discount at Cocon au Soleil 1827! To save at this property, all you have to do is ""]",43.29654954,5.39145293
https://www.booking.com/hotel/fr/le-plaisir-1827.en-gb.html?aid=304142&label=gen173nr-1FCAEoggI46AdIM1gEaE2IAQGYAQm4AQrIAQXYAQHoAQH4AQOIAgGoAgO4Atb4lZsGwAIB0gIkY2Q4YWVhOGMtNDZiNC00NzQ4LThiNmMtMjJmN2ZhM2FkODE52AIG4AIB&ucfs=1&arphpl=1&group_adults=2&req_adults=2&no_rooms=1&group_children=0&req_children=0&hpos=6&hapos=6&sr_order=popularity&srpvid=2827932c3e62002b&srepoch=1667595353&from=searchresults#hotelTmpl,Marseille,['Le Plaisir 1827'],['9.1'],"[""You're eligible for a Genius discount at Le Plaisir 1827! To save at this property, all you have to do is ""]",43.2965388,5.3913738
https://www.booking.com/hotel/fr/nocnoc-le-renversant-loft-atypique-plein-centre.en-gb.html?aid=304142&label=gen173nr-1FCAEoggI46AdIM1gEaE2IAQGYAQm4AQrIAQXYAQHoAQH4AQOIAgGoAgO4Atb4lZsGwAIB0gIkY2Q4YWVhOGMtNDZiNC00NzQ4LThiNmMtMjJmN2ZhM2FkODE52AIG4AIB&ucfs=1&arphpl=1&group_adults=2&req_adults=2&no_rooms=1&group_children=0&req_children=0&hpos=7&hapos=7&sr_order=popularity&srpvid=2827932c3e62002b&srepoch=1667595353&from=searchresults#hotelTmpl,Marseille,['NOCNOC - Le Renversant'],['6.8'],"['Boasting a spa bath, NOCNOC - Le Renversant is set right in the centre of Marseille. The Plage des Catalans and the Saint-Ferreol Street are within 2.3 km and 400 m of the apartment, and free WiFi is provided.']",43.2947998,5.3800811
https://www.booking.com/hotel/fr/maisondumondehotelandsuitesmarseille.en-gb.html?aid=304142&label=gen173nr-1FCAEoggI46AdIM1gEaE2IAQGYAQm4AQrIAQXYAQHoAQH4AQOIAgGoAgO4Atb4lZsGwAIB0gIkY2Q4YWVhOGMtNDZiNC00NzQ4LThiNmMtMjJmN2ZhM2FkODE52AIG4AIB&ucfs=1&arphpl=1&group_adults=2&req_adults=2&no_rooms=1&group_children=0&req_children=0&hpos=2&hapos=2&sr_order=popularity&srpvid=2827932c3e62002b&srepoch=1667595353&from_sustainable_property_sr=1&from=searchresults#hotelTmpl,Marseille,['Maisons du Monde Hôtel & Suites - Marseille Vieux Port'],['8.4'],"['Overlooking the Old Port, Maisons du Monde Hôtel & Suites - Marseille Vieux Port is located in the heart of Marseille. It offers modern air-conditioned rooms and free WiFi.']",43.29412372,5.37463993
https://www.booking.com/hotel/fr/montgrand.en-gb.html?aid=304142&label=gen173nr-1FCAEoggI46AdIM1gEaE2IAQGYAQm4AQrIAQXYAQHoAQH4AQOIAgGoAgO4Atb4lZsGwAIB0gIkY2Q4YWVhOGMtNDZiNC00NzQ4LThiNmMtMjJmN2ZhM2FkODE52AIG4AIB&ucfs=1&arphpl=1&group_adults=2&req_adults=2&no_rooms=1&group_children=0&req_children=0&hpos=1&hapos=1&sr_order=popularity&srpvid=2827932c3e62002b&srepoch=1667595353&from_sustainable_property_sr=1&from=searchresults#hotelTmpl,Marseille,['Hôtel Maison Montgrand - Vieux Port'],['8.0'],"[""You're eligible for a Genius discount at Hôtel Maison Montgrand - Vieux Port! To save at this property, all you have to do is ""]",43.2909627,5.3764292
https://www.booking.com/hotel/fr/votre-adresse-de-charme-hypercentre-marseille.en-gb.html?aid=304142&label=gen173nr-1FCAEoggI46AdIM1gEaE2IAQGYAQm4AQrIAQXYAQHoAQH4AQOIAgGoAgO4Atb4lZsGwAIB0gIkY2Q4YWVhOGMtNDZiNC00NzQ4LThiNmMtMjJmN2ZhM2FkODE52AIG4AIB&ucfs=1&arphpl=1&group_adults=2&req_adults=2&no_rooms=1&group_children=0&req_children=0&hpos=4&hapos=4&sr_order=popularity&srpvid=2827932c3e62002b&srepoch=1667595353&from_sustainable_property_sr=1&from=searchresults#hotelTmpl,Marseille,['Marseillement votre'],['8.3'],"[""You're eligible for a Genius discount at Marseillement votre! To save at this property, all you have to do is ""]",43.30020105,5.38260245
https://www.booking.com/hotel/fr/vieux-port-47-les-augustins.en-gb.html?aid=304142&label=gen173nr-1FCAEoggI46AdIM1gEaE2IAQGYAQm4AQrIAQXYAQHoAQH4AQOIAgGoAgO4Atb4lZsGwAIB0gIkY2Q4YWVhOGMtNDZiNC00NzQ4LThiNmMtMjJmN2ZhM2FkODE52AIG4AIB&ucfs=1&arphpl=1&group_adults=2&req_adults=2&no_rooms=1&group_children=0&req_children=0&hpos=5&hapos=5&sr_order=popularity&srpvid=2827932c3e62002b&srepoch=1667595353&from_sustainable_property_sr=1&from=searchresults#hotelTmpl,Marseille,['Vieux Port République Cannebiére'],['8.8'],"[""You're eligible for a Genius discount at Vieux Port République Cannebiére! To save at this property, all you have to do is ""]",43.29594971,5.37455259
https://www.booking.com/hotel/fr/le-panier-enchante-suites-amp-spa.en-gb.html?aid=304142&label=gen173nr-1FCAEoggI46AdIM1gEaE2IAQGYAQm4AQrIAQXYAQHoAQH4AQOIAgGoAgO4Atb4lZsGwAIB0gIkY2Q4YWVhOGMtNDZiNC00NzQ4LThiNmMtMjJmN2ZhM2FkODE52AIG4AIB&ucfs=1&arphpl=1&group_adults=2&req_adults=2&no_rooms=1&group_children=0&req_children=0&hpos=3&hapos=3&sr_order=popularity&srpvid=2827932c3e62002b&srepoch=1667595353&from_sustainable_property_sr=1&from=searchresults#hotelTmpl,Marseille,['LE PANIER ENCHANTÉ - Suites & Loft - Terrasse et patio au dessus du Vieux Port'],['7.9'],"[""You're eligible for a Genius discount at LE PANIER ENCHANTÉ - Suites & Loft - Terrasse et patio au dessus du Vieux Port! To save at this property, all you have to do is ""]",43.300097,5.367585
https://www.booking.com/hotel/fr/mas-de-la-gaujouze.en-gb.html?aid=304142&label=gen173nr-1FCAEoggI46AdIM1gEaE2IAQGYAQm4AQrIAQXYAQHoAQH4AQOIAgGoAgO4Atb4lZsGwAIB0gIkY2Q4YWVhOGMtNDZiNC00NzQ4LThiNmMtMjJmN2ZhM2FkODE52AIG4AIB&ucfs=1&arphpl=1&group_adults=2&req_adults=2&no_rooms=1&group_children=0&req_children=0&hpos=19&hapos=19&sr_order=popularity&srpvid=5fe4932c0fcf029b&srepoch=1667595353&from=searchresults#hotelTmpl,Aigues-Mortes,['MAS DE LA GAUJOUZE'],[None],"['Located in Aigues-Mortes in the Languedoc-Roussillon region, MAS DE LA GAUJOUZE has a balcony. Situated 28 km from Montpellier Arena, the property features a garden and free private parking.']",43.5793021,4.2128337
https://www.booking.com/hotel/fr/marina-aigues-mortes-aigues-mortes1.en-gb.html?aid=304142&label=gen173nr-1FCAEoggI46AdIM1gEaE2IAQGYAQm4AQrIAQXYAQHoAQH4AQOIAgGoAgO4Atb4lZsGwAIB0gIkY2Q4YWVhOGMtNDZiNC00NzQ4LThiNmMtMjJmN2ZhM2FkODE52AIG4AIB&ucfs=1&arphpl=1&group_adults=2&req_adults=2&no_rooms=1&group_children=0&req_children=0&hpos=20&hapos=20&sr_order=popularity&srpvid=5fe4932c0fcf029b&srepoch=1667595353&from_sustainable_property_sr=1&from=searchresults#hotelTmpl,Aigues-Mortes,['Marina Aigues-Mortes ****'],[None],"['Situated in Aigues-Mortes, 24 km from Montpellier Arena and 24 km from Parc des Expositions de Montpellier, Marina Aigues-Mortes **** offers a garden and air conditioning. Set on the beachfront, this property features barbecue facilities and a terrace.']",43.57508584,4.19092367
https://www.booking.com/hotel/fr/beautiful-home-in-aigues-mortes-with-wifi-outdoor-swimming-pool-and-3-bedrooms.en-gb.html?aid=304142&label=gen173nr-1FCAEoggI46AdIM1gEaE2IAQGYAQm4AQrIAQXYAQHoAQH4AQOIAgGoAgO4Atb4lZsGwAIB0gIkY2Q4YWVhOGMtNDZiNC00NzQ4LThiNmMtMjJmN2ZhM2FkODE52AIG4AIB&ucfs=1&arphpl=1&group_adults=2&req_adults=2&no_rooms=1&group_children=0&req_children=0&hpos=18&hapos=18&sr_order=popularity&srpvid=5fe4932c0fcf029b&srepoch=1667595353&from=searchresults#hotelTmpl,Aigues-Mortes,"['Stunning home in Aigues-Mortes with WiFi, 3 Bedrooms and Outdoor swimming pool']",[None],"['Featuring sea views, Stunning home in Aigues-Mortes with WiFi, 3 Bedrooms and Outdoor swimming pool offers accommodation with a balcony and a coffee machine, around 24 km from Parc des Expositions de Montpellier. The air-conditioned accommodation is 24 km from Montpellier Arena, and guests benefit from private parking available on site and free WiFi.']",43.5735,4.1874
https://www.booking.com/hotel/fr/peniche-aigues-mortes1.en-gb.html?aid=304142&label=gen173nr-1FCAEoggI46AdIM1gEaE2IAQGYAQm4AQrIAQXYAQHoAQH4AQOIAgGoAgO4Atb4lZsGwAIB0gIkY2Q4YWVhOGMtNDZiNC00NzQ4LThiNmMtMjJmN2ZhM2FkODE52AIG4AIB&ucfs=1&arphpl=1&group_adults=2&req_adults=2&no_rooms=1&group_children=0&req_children=0&hpos=17&hapos=17&sr_order=popularity&srpvid=5fe4932c0fcf029b&srepoch=1667595353&from=searchresults#hotelTmpl,Aigues-Mortes,['Séjour atypique et insolite sur notre péniche La Coradine avec jacuzzi'],['9.6'],"[""You're eligible for a Genius discount at Séjour atypique et insolite sur notre péniche La Coradine avec jacuzzi! To save at this property, all you have to do is ""]",43.581709,4.208536
https://www.booking.com/hotel/fr/mas-de-la-montille.en-gb.html?aid=304142&label=gen173nr-1FCAEoggI46AdIM1gEaE2IAQGYAQm4AQrIAQXYAQHoAQH4AQOIAgGoAgO4Atb4lZsGwAIB0gIkY2Q4YWVhOGMtNDZiNC00NzQ4LThiNmMtMjJmN2ZhM2FkODE52AIG4AIB&ucfs=1&arphpl=1&group_adults=2&req_adults=2&no_rooms=1&group_children=0&req_children=0&hpos=15&hapos=15&sr_order=popularity&srpvid=5fe4932c0fcf029b&srepoch=1667595353&from_sustainable_property_sr=1&from=searchresults#hotelTmpl,Aigues-Mortes,['Mas de la Montille'],['9.1'],"[""You're eligible for a Genius discount at Mas de la Montille! To save at this property, all you have to do is ""]",43.58386486,4.23920989
https://www.booking.com/hotel/fr/la-maison-de-lyna.en-gb.html?aid=304142&label=gen173nr-1FCAEoggI46AdIM1gEaE2IAQGYAQm4AQrIAQXYAQHoAQH4AQOIAgGoAgO4Atb4lZsGwAIB0gIkY2Q4YWVhOGMtNDZiNC00NzQ4LThiNmMtMjJmN2ZhM2FkODE52AIG4AIB&ucfs=1&arphpl=1&group_adults=2&req_adults=2&no_rooms=1&group_children=0&req_children=0&hpos=13&hapos=13&sr_order=popularity&srpvid=5fe4932c0fcf029b&srepoch=1667595353&from=searchresults#hotelTmpl,Aigues-Mortes,['La Maison de Lyna'],['9.1'],"['Situated 24 km from Montpellier Arena in Aigues-Mortes, La Maison de Lyna features accommodation with air conditioning and free WiFi.']",43.5660175,4.1923532
https://www.booking.com/hotel/fr/nid-douillet-t3-au-coeur-des-remparts.en-gb.html?aid=304142&label=gen173nr-1FCAEoggI46AdIM1gEaE2IAQGYAQm4AQrIAQXYAQHoAQH4AQOIAgGoAgO4Atb4lZsGwAIB0gIkY2Q4YWVhOGMtNDZiNC00NzQ4LThiNmMtMjJmN2ZhM2FkODE52AIG4AIB&ucfs=1&arphpl=1&group_adults=2&req_adults=2&no_rooms=1&group_children=0&req_children=0&hpos=12&hapos=12&sr_order=popularity&srpvid=5fe4932c0fcf029b&srepoch=1667595353&from_sustainable_property_sr=1&from=searchresults#hotelTmpl,Aigues-Mortes,['Nid douillet t3 au coeur des remparts'],['8.6'],"[""You're eligible for a Genius discount at Nid douillet t3 au coeur des remparts! To save at this property, all you have to do is ""]",43.5655416,4.1896099
https://www.booking.com/hotel/fr/b-amp-b-la-terre-brulee.en-gb.html?aid=304142&label=gen173nr-1FCAEoggI46AdIM1gEaE2IAQGYAQm4AQrIAQXYAQHoAQH4AQOIAgGoAgO4Atb4lZsGwAIB0gIkY2Q4YWVhOGMtNDZiNC00NzQ4LThiNmMtMjJmN2ZhM2FkODE52AIG4AIB&ucfs=1&arphpl=1&group_adults=2&req_adults=2&no_rooms=1&group_children=0&req_children=0&hpos=16&hapos=16&sr_order=popularity&srpvid=5fe4932c0fcf029b&srepoch=1667595353&from=searchresults#hotelTmpl,Aigues-Mortes,['B&B La Terre Brûlée'],['9.2'],"['Situated in Aigues-Mortes, 25 km from Montpellier Arena and 25 km from Parc des Expositions de Montpellier, B&B La Terre Brûlée features accommodation with free WiFi, air conditioning and access to a garden with an outdoor swimming pool.']",43.56197612,4.20767969
https://www.booking.com/hotel/fr/maison-t4-jardin-parking-clim-proche-remparts.en-gb.html?aid=304142&label=gen173nr-1FCAEoggI46AdIM1gEaE2IAQGYAQm4AQrIAQXYAQHoAQH4AQOIAgGoAgO4Atb4lZsGwAIB0gIkY2Q4YWVhOGMtNDZiNC00NzQ4LThiNmMtMjJmN2ZhM2FkODE52AIG4AIB&ucfs=1&arphpl=1&group_adults=2&req_adults=2&no_rooms=1&group_children=0&req_children=0&hpos=14&hapos=14&sr_order=popularity&srpvid=5fe4932c0fcf029b&srepoch=1667595353&from=searchresults#hotelTmpl,Aigues-Mortes,['Maison T4 -Jardin+ Parking+ Clim -Proche Remparts'],['7.9'],"[""You're eligible for a Genius discount at Maison T4 -Jardin+ Parking+ Clim -Proche Remparts! To save at this property, all you have to do is ""]",43.5658193,4.2053528
https://www.booking.com/hotel/fr/la-paloma-aigues-mortes.en-gb.html?aid=304142&label=gen173nr-1FCAEoggI46AdIM1gEaE2IAQGYAQm4AQrIAQXYAQHoAQH4AQOIAgGoAgO4Atb4lZsGwAIB0gIkY2Q4YWVhOGMtNDZiNC00NzQ4LThiNmMtMjJmN2ZhM2FkODE52AIG4AIB&ucfs=1&arphpl=1&group_adults=2&req_adults=2&no_rooms=1&group_children=0&req_children=0&hpos=10&hapos=10&sr_order=popularity&srpvid=5fe4932c0fcf029b&srepoch=1667595353&from=searchresults#hotelTmpl,Aigues-Mortes,['La Paloma'],['8.9'],"[""You're eligible for a Genius discount at La Paloma! To save at this property, all you have to do is ""]",43.57006008,4.1871778
https://www.booking.com/hotel/fr/la-maison-de-la-viguerie.en-gb.html?aid=304142&label=gen173nr-1FCAEoggI46AdIM1gEaE2IAQGYAQm4AQrIAQXYAQHoAQH4AQOIAgGoAgO4Atb4lZsGwAIB0gIkY2Q4YWVhOGMtNDZiNC00NzQ4LThiNmMtMjJmN2ZhM2FkODE52AIG4AIB&ucfs=1&arphpl=1&group_adults=2&req_adults=2&no_rooms=1&group_children=0&req_children=0&hpos=11&hapos=11&sr_order=popularity&srpvid=5fe4932c0fcf029b&srepoch=1667595353&from=searchresults#hotelTmpl,Aigues-Mortes,['La Maison de la Viguerie'],['9.3'],"['Situated inside the medieval city walls of Aigues-Mortes, 26 km from Montpellier, La Maison de la Viguerie features a sun terrace and views of the garden.']",43.56589968,4.19294836
https://www.booking.com/hotel/fr/la-maison-dans-les-remparts.en-gb.html?aid=304142&label=gen173nr-1FCAEoggI46AdIM1gEaE2IAQGYAQm4AQrIAQXYAQHoAQH4AQOIAgGoAgO4Atb4lZsGwAIB0gIkY2Q4YWVhOGMtNDZiNC00NzQ4LThiNmMtMjJmN2ZhM2FkODE52AIG4AIB&ucfs=1&arphpl=1&group_adults=2&req_adults=2&no_rooms=1&group_children=0&req_children=0&hpos=9&hapos=9&sr_order=popularity&srpvid=5fe4932c0fcf029b&srepoch=1667595353&from=searchresults#hotelTmpl,Aigues-Mortes,['La Maison dans les remparts'],['8.6'],"[""You're eligible for a Genius discount at La Maison dans les remparts! To save at this property, all you have to do is ""]",43.56677079,4.19210521
https://www.booking.com/hotel/fr/les-manades-d-aigues-mortes.en-gb.html?aid=304142&label=gen173nr-1FCAEoggI46AdIM1gEaE2IAQGYAQm4AQrIAQXYAQHoAQH4AQOIAgGoAgO4Atb4lZsGwAIB0gIkY2Q4YWVhOGMtNDZiNC00NzQ4LThiNmMtMjJmN2ZhM2FkODE52AIG4AIB&ucfs=1&arphpl=1&group_adults=2&req_adults=2&no_rooms=1&group_children=0&req_children=0&hpos=6&hapos=6&sr_order=popularity&srpvid=5fe4932c0fcf029b&srepoch=1667595353&from=searchresults#hotelTmpl,Aigues-Mortes,"[""LES MANADES d'Aigues Mortes""]",['8.2'],"[""Featuring city views, LES MANADES d'Aigues Mortes features accommodation with a balcony and a kettle, around 24 km from Montpellier Arena. Boasting free private parking, the apartment is in an area where guests can engage in activities such as golfing and canoeing.""]",43.5701018,4.1911494
https://www.booking.com/hotel/fr/les-suites-du-17.en-gb.html?aid=304142&label=gen173nr-1FCAEoggI46AdIM1gEaE2IAQGYAQm4AQrIAQXYAQHoAQH4AQOIAgGoAgO4Atb4lZsGwAIB0gIkY2Q4YWVhOGMtNDZiNC00NzQ4LThiNmMtMjJmN2ZhM2FkODE52AIG4AIB&ucfs=1&arphpl=1&group_adults=2&req_adults=2&no_rooms=1&group_children=0&req_children=0&hpos=8&hapos=8&sr_order=popularity&srpvid=5fe4932c0fcf029b&srepoch=1667595353&from=searchresults#hotelTmpl,Aigues-Mortes,['Les suites du 17'],['9.0'],"[""You're eligible for a Genius discount at Les suites du 17! To save at this property, all you have to do is ""]",43.566227,4.191121
https://www.booking.com/hotel/fr/cabane-du-saunier-maia-etang-du-roy.en-gb.html?aid=304142&label=gen173nr-1FCAEoggI46AdIM1gEaE2IAQGYAQm4AQrIAQXYAQHoAQH4AQOIAgGoAgO4Atb4lZsGwAIB0gIkY2Q4YWVhOGMtNDZiNC00NzQ4LThiNmMtMjJmN2ZhM2FkODE52AIG4AIB&ucfs=1&arphpl=1&group_adults=2&req_adults=2&no_rooms=1&group_children=0&req_children=0&hpos=7&hapos=7&sr_order=popularity&srpvid=5fe4932c0fcf029b&srepoch=1667595353&from=searchresults#hotelTmpl,Aigues-Mortes,['CABANE DU SAUNIER MAIA ETANG DU ROY'],['9.2'],"['CABANE DU SAUNIER MAIA ETANG DU ROY is situated in Aigues-Mortes, 27 km from Parc des Expositions de Montpellier, 31 km from Zenith Sud Montpellier, and 32 km from Odysseum Shopping Centre. Set 27 km from Montpellier Arena, the property offers a garden and free private parking.']",43.5575394,4.1823967
https://www.booking.com/hotel/fr/canal-aigues-mortes.en-gb.html?aid=304142&label=gen173nr-1FCAEoggI46AdIM1gEaE2IAQGYAQm4AQrIAQXYAQHoAQH4AQOIAgGoAgO4Atb4lZsGwAIB0gIkY2Q4YWVhOGMtNDZiNC00NzQ4LThiNmMtMjJmN2ZhM2FkODE52AIG4AIB&ucfs=1&arphpl=1&group_adults=2&req_adults=2&no_rooms=1&group_children=0&req_children=0&hpos=5&hapos=5&sr_order=popularity&srpvid=5fe4932c0fcf029b&srepoch=1667595353&from=searchresults#hotelTmpl,Aigues-Mortes,['Hotel Canal Aigues Mortes'],['8.5'],"[""You're eligible for a Genius discount at Hotel Canal Aigues Mortes! To save at this property, all you have to do is ""]",43.57298752,4.1948247
https://www.booking.com/hotel/fr/les-remparts-aigues-mortes.en-gb.html?aid=304142&label=gen173nr-1FCAEoggI46AdIM1gEaE2IAQGYAQm4AQrIAQXYAQHoAQH4AQOIAgGoAgO4Atb4lZsGwAIB0gIkY2Q4YWVhOGMtNDZiNC00NzQ4LThiNmMtMjJmN2ZhM2FkODE52AIG4AIB&ucfs=1&arphpl=1&group_adults=2&req_adults=2&no_rooms=1&group_children=0&req_children=0&hpos=3&hapos=3&sr_order=popularity&srpvid=5fe4932c0fcf029b&srepoch=1667595353&from_sustainable_property_sr=1&from=searchresults#hotelTmpl,Aigues-Mortes,['Boutique Hôtel des Remparts & Spa'],['9.5'],"[""You're eligible for a Genius discount at Boutique Hôtel des Remparts & Spa! To save at this property, all you have to do is ""]",43.56803552,4.1903438
https://www.booking.com/hotel/fr/saint-louis-aigues-mortes.en-gb.html?aid=304142&label=gen173nr-1FCAEoggI46AdIM1gEaE2IAQGYAQm4AQrIAQXYAQHoAQH4AQOIAgGoAgO4Atb4lZsGwAIB0gIkY2Q4YWVhOGMtNDZiNC00NzQ4LThiNmMtMjJmN2ZhM2FkODE52AIG4AIB&ucfs=1&arphpl=1&group_adults=2&req_adults=2&no_rooms=1&group_children=0&req_children=0&hpos=2&hapos=2&sr_order=popularity&srpvid=5fe4932c0fcf029b&srepoch=1667595353&from_sustainable_property_sr=1&from=searchresults#hotelTmpl,Aigues-Mortes,['Hôtel Saint Louis'],['8.4'],"[""You're eligible for a Genius discount at Hôtel Saint Louis! To save at this property, all you have to do is ""]",43.56721967,4.1893436
https://www.booking.com/hotel/fr/des-croisades.en-gb.html?aid=304142&label=gen173nr-1FCAEoggI46AdIM1gEaE2IAQGYAQm4AQrIAQXYAQHoAQH4AQOIAgGoAgO4Atb4lZsGwAIB0gIkY2Q4YWVhOGMtNDZiNC00NzQ4LThiNmMtMjJmN2ZhM2FkODE52AIG4AIB&ucfs=1&arphpl=1&group_adults=2&req_adults=2&no_rooms=1&group_children=0&req_children=0&hpos=4&hapos=4&sr_order=popularity&srpvid=5fe4932c0fcf029b&srepoch=1667595353&from_sustainable_property_sr=1&from=searchresults#hotelTmpl,Aigues-Mortes,['Maison des Croisades'],['8.8'],"[""You're eligible for a Genius discount at Maison des Croisades! To save at this property, all you have to do is ""]",43.5689974,4.1882982
https://www.booking.com/hotel/fr/antinea-cassis12.en-gb.html?aid=304142&label=gen173nr-1FCAEoggI46AdIM1gEaE2IAQGYAQm4AQrIAQXYAQHoAQH4AQOIAgGoAgO4Atb4lZsGwAIB0gIkY2Q4YWVhOGMtNDZiNC00NzQ4LThiNmMtMjJmN2ZhM2FkODE52AIG4AIB&ucfs=1&arphpl=1&group_adults=2&req_adults=2&no_rooms=1&group_children=0&req_children=0&hpos=3&hapos=3&sr_order=popularity&srpvid=c143932c7e76038a&srepoch=1667595353&from_beach_sr=1&beach_sr_walking_distance=874&from=searchresults#hotelTmpl,Cassis,['Villa ANTINEA'],['7.0'],"['Set just 1.1 km from Grande Mer in Cassis, Villa ANTINEA offers a getaway with a casino, outdoor pool, free WiFi, and a business centre. This villa has a private pool, a garden and free private parking.']",43.2202401,5.5424693
https://www.booking.com/hotel/fr/appartement-cosy-a-10-metres-du-port-de-cassis.en-gb.html?aid=304142&label=gen173nr-1FCAEoggI46AdIM1gEaE2IAQGYAQm4AQrIAQXYAQHoAQH4AQOIAgGoAgO4Atb4lZsGwAIB0gIkY2Q4YWVhOGMtNDZiNC00NzQ4LThiNmMtMjJmN2ZhM2FkODE52AIG4AIB&ucfs=1&arphpl=1&group_adults=2&req_adults=2&no_rooms=1&group_children=0&req_children=0&hpos=5&hapos=5&sr_order=popularity&srpvid=c143932c7e76038a&srepoch=1667595353&from_beach_sr=1&beach_sr_walking_distance=234&from_sustainable_property_sr=1&from=searchresults#hotelTmpl,Cassis,['appartement cosy à 10 mètres du port de Cassis'],['8.3'],"[""You're eligible for a Genius discount at appartement cosy à 10 mètres du port de Cassis! To save at this property, all you have to do is ""]",43.21533507,5.53686093
https://www.booking.com/hotel/fr/residence-le-mas-des-flamants.en-gb.html?aid=304142&label=gen173nr-1FCAEoggI46AdIM1gEaE2IAQGYAQm4AQrIAQXYAQHoAQH4AQOIAgGoAgO4Atb4lZsGwAIB0gIkY2Q4YWVhOGMtNDZiNC00NzQ4LThiNmMtMjJmN2ZhM2FkODE52AIG4AIB&ucfs=1&arphpl=1&group_adults=2&req_adults=2&no_rooms=1&group_children=0&req_children=0&hpos=1&hapos=1&sr_order=popularity&srpvid=5fe4932c0fcf029b&srepoch=1667595353&from_sustainable_property_sr=1&from=searchresults#hotelTmpl,Aigues-Mortes,['Résidence Odalys Le Mas des Flamants'],['8.0'],"['Located outside Aigues-Mortes’ fortifications, Résidence Odalys Le Mas des Flamants is just next to the Vidourle River. You can relax in the swimming and paddling pools or go to the beach at Le-Grau-du-Roi, 7 km away.']",43.57379435,4.18062186
https://www.booking.com/hotel/fr/le-chemin-de-belle-fille.en-gb.html?aid=304142&label=gen173nr-1FCAEoggI46AdIM1gEaE2IAQGYAQm4AQrIAQXYAQHoAQH4AQOIAgGoAgO4Atb4lZsGwAIB0gIkY2Q4YWVhOGMtNDZiNC00NzQ4LThiNmMtMjJmN2ZhM2FkODE52AIG4AIB&ucfs=1&arphpl=1&group_adults=2&req_adults=2&no_rooms=1&group_children=0&req_children=0&hpos=4&hapos=4&sr_order=popularity&srpvid=c143932c7e76038a&srepoch=1667595353&from_beach_sr=1&beach_sr_walking_distance=776&from_sustainable_property_sr=1&from=searchresults#hotelTmpl,Cassis,['Le chemin de belle fille'],['7.4'],"['Boasting a swimming pool, a shared lounge, a garden and views of the garden, Le chemin de belle fille is situated in Cassis and features accommodation with free WiFi.']",43.21641033,5.55070017
https://www.booking.com/hotel/fr/appartement-du-pecheur-a-cassis-a-10-metres-du-port.en-gb.html?aid=304142&label=gen173nr-1FCAEoggI46AdIM1gEaE2IAQGYAQm4AQrIAQXYAQHoAQH4AQOIAgGoAgO4Atb4lZsGwAIB0gIkY2Q4YWVhOGMtNDZiNC00NzQ4LThiNmMtMjJmN2ZhM2FkODE52AIG4AIB&ucfs=1&arphpl=1&group_adults=2&req_adults=2&no_rooms=1&group_children=0&req_children=0&hpos=6&hapos=6&sr_order=popularity&srpvid=c143932c7e76038a&srepoch=1667595353&from_beach_sr=1&beach_sr_walking_distance=235&from_sustainable_property_sr=1&from=searchresults#hotelTmpl,Cassis,['appartement du pêcheur à Cassis à 10 mètres du port'],['8.6'],"[""You're eligible for a Genius discount at appartement du pêcheur à Cassis à 10 mètres du port! To save at this property, all you have to do is ""]",43.21534046,5.5368582
https://www.booking.com/hotel/fr/une-terrasse-sur-la-mer-cassis.en-gb.html?aid=304142&label=gen173nr-1FCAEoggI46AdIM1gEaE2IAQGYAQm4AQrIAQXYAQHoAQH4AQOIAgGoAgO4Atb4lZsGwAIB0gIkY2Q4YWVhOGMtNDZiNC00NzQ4LThiNmMtMjJmN2ZhM2FkODE52AIG4AIB&ucfs=1&arphpl=1&group_adults=2&req_adults=2&no_rooms=1&group_children=0&req_children=0&hpos=2&hapos=2&sr_order=popularity&srpvid=c143932c7e76038a&srepoch=1667595353&from_beach_sr=1&beach_sr_walking_distance=115&from_sustainable_property_sr=1&from=searchresults#hotelTmpl,Cassis,['UNE TERRASSE SUR LA MER 3 pers 2 chambres VUE MER'],['8.5'],"[""You're eligible for a Genius discount at UNE TERRASSE SUR LA MER 3 pers 2 chambres VUE MER! To save at this property, all you have to do is ""]",43.21407197,5.53062182
